date,weekday,home_team,away_team,stadium,attendance,is_holiday,weather_main,temp_avg,rain_mm,season
2024-03-23,토,LG,한화,잠실,23750,0,????,,,2024
2024-03-23,토,SSG,롯데,문학,23000,0,????,,,2024
2024-03-23,토,KT,삼성,수원,18700,0,????,,,2024
2024-03-23,토,KIA,키움,광주,20500,0,????,,,2024
2024-03-23,토,NC,두산,창원,17891,0,????,,,2024
2024-03-24,일,LG,한화,잠실,23750,0,????,,,2024
2024-03-24,일,SSG,롯데,문학,23000,0,????,,,2024
2024-03-24,일,KT,삼성,수원,18700,0,????,,,2024
2024-03-24,일,NC,두산,창원,14555,0,????,,,2024
2024-03-26,화,LG,삼성,잠실,14229,0,????,,,2024
2024-03-26,화,SSG,한화,문학,10541,0,????,,,2024
2024-03-26,화,KT,두산,수원,4378,0,????,,,2024
2024-03-26,화,KIA,롯데,광주,7328,0,????,,,2024
2024-03-26,화,NC,키움,창원,2839,0,????,,,2024
2024-03-27,수,LG,삼성,잠실,18041,0,????,,,2024
2024-03-27,수,SSG,한화,문학,11005,0,????,,,2024
2024-03-27,수,KT,두산,수원,5271,0,????,,,2024
2024-03-27,수,KIA,롯데,광주,8672,0,????,,,2024
2024-03-27,수,NC,키움,창원,3681,0,????,,,2024
2024-03-28,목,LG,삼성,잠실,13420,0,????,,,2024
2024-03-28,목,SSG,한화,문학,11755,0,????,,,2024
2024-03-28,목,KT,두산,수원,4304,0,????,,,2024
2024-03-29,금,두산,KIA,잠실,23750,0,????,,,2024
2024-03-29,금,키움,LG,고척,8465,0,????,,,2024
2024-03-29,금,삼성,SSG,대구,21479,0,????,,,2024
2024-03-29,금,롯데,NC,사직,21554,0,????,,,2024
2024-03-29,금,한화,KT,한밭,12000,0,????,,,2024
2024-03-30,토,두산,KIA,잠실,23750,0,????,,,2024
2024-03-30,토,키움,LG,고척,13462,0,????,,,2024
2024-03-30,토,삼성,SSG,대구,24000,0,????,,,2024
2024-03-30,토,롯데,NC,사직,22754,0,????,,,2024
2024-03-30,토,한화,KT,한밭,12000,0,????,,,2024
2024-03-31,일,두산,KIA,잠실,23750,0,????,,,2024
2024-03-31,일,키움,LG,고척,11822,0,????,,,2024
2024-03-31,일,삼성,SSG,대구,22886,0,????,,,2024
2024-03-31,일,롯데,NC,사직,21578,0,????,,,2024
2024-03-31,일,한화,KT,한밭,12000,0,????,,,2024
2024-04-02,화,LG,NC,잠실,11845,0,????,,,2024
2024-04-02,화,SSG,두산,문학,12379,0,????,,,2024
2024-04-02,화,KT,KIA,수원,9682,0,????,,,2024
2024-04-02,화,삼성,키움,대구,8541,0,????,,,2024
2024-04-02,화,한화,롯데,한밭,12000,0,????,,,2024
2024-04-03,수,LG,NC,잠실,10239,0,????,,,2024
2024-04-03,수,SSG,두산,문학,12128,0,????,,,2024
2024-04-03,수,KT,KIA,수원,8050,0,????,,,2024
2024-04-04,목,LG,NC,잠실,11406,0,????,,,2024
2024-04-04,목,SSG,두산,문학,14249,0,????,,,2024
2024-04-04,목,KT,KIA,수원,10722,0,????,,,2024
2024-04-04,목,삼성,키움,대구,8193,0,????,,,2024
2024-04-04,목,한화,롯데,한밭,12000,0,????,,,2024
2024-04-05,금,LG,KT,잠실,13818,0,????,,,2024
2024-04-05,금,키움,한화,고척,16000,0,????,,,2024
2024-04-05,금,KIA,삼성,광주,14233,0,????,,,2024
2024-04-05,금,롯데,두산,사직,12289,0,????,,,2024
2024-04-05,금,NC,SSG,창원,5452,0,????,,,2024
2024-04-06,토,LG,KT,잠실,21824,0,????,,,2024
2024-04-06,토,키움,한화,고척,16000,0,????,,,2024
2024-04-06,토,KIA,삼성,광주,20500,0,????,,,2024
2024-04-06,토,롯데,두산,사직,19208,0,????,,,2024
2024-04-06,토,NC,SSG,창원,11064,0,????,,,2024
2024-04-07,일,LG,KT,잠실,19249,0,????,,,2024
2024-04-07,일,키움,한화,고척,16000,0,????,,,2024
2024-04-07,일,KIA,삼성,광주,20500,0,????,,,2024
2024-04-07,일,롯데,두산,사직,16755,0,????,,,2024
2024-04-07,일,NC,SSG,창원,8861,0,????,,,2024
2024-04-09,화,두산,한화,잠실,23598,0,????,,,2024
2024-04-09,화,SSG,키움,문학,9468,0,????,,,2024
2024-04-09,화,KIA,LG,광주,11817,0,????,,,2024
2024-04-09,화,롯데,삼성,사직,15076,0,????,,,2024
2024-04-09,화,NC,KT,창원,4918,0,????,,,2024
2024-04-10,수,두산,한화,잠실,23750,1,????,,,2024
2024-04-10,수,SSG,키움,문학,20511,1,????,,,2024
2024-04-10,수,KIA,LG,광주,20500,1,????,,,2024
2024-04-10,수,롯데,삼성,사직,22758,1,????,,,2024
2024-04-10,수,NC,KT,창원,9895,1,????,,,2024
2024-04-11,목,두산,한화,잠실,22157,0,????,,,2024
2024-04-11,목,SSG,키움,문학,7250,0,????,,,2024
2024-04-11,목,KIA,LG,광주,11475,0,????,,,2024
2024-04-11,목,롯데,삼성,사직,11628,0,????,,,2024
2024-04-11,목,NC,KT,창원,3311,0,????,,,2024
2024-04-12,금,두산,LG,잠실,19916,0,????,,,2024
2024-04-12,금,키움,롯데,고척,8838,0,????,,,2024
2024-04-12,금,KT,SSG,수원,6912,0,????,,,2024
2024-04-12,금,삼성,NC,대구,13104,0,????,,,2024
2024-04-12,금,한화,KIA,한밭,12000,0,????,,,2024
2024-04-13,토,두산,LG,잠실,23750,0,????,,,2024
2024-04-13,토,키움,롯데,고척,14197,0,????,,,2024
2024-04-13,토,KT,SSG,수원,13995,0,????,,,2024
2024-04-13,토,삼성,NC,대구,24000,0,????,,,2024
2024-04-13,토,한화,KIA,한밭,12000,0,????,,,2024
2024-04-14,일,두산,LG,잠실,22586,0,????,,,2024
2024-04-14,일,키움,롯데,고척,12333,0,????,,,2024
2024-04-14,일,KT,SSG,수원,11280,0,????,,,2024
2024-04-14,일,삼성,NC,대구,20667,0,????,,,2024
2024-04-14,일,한화,KIA,한밭,12000,0,????,,,2024
2024-04-16,화,LG,롯데,잠실,16635,0,????,,,2024
2024-04-16,화,키움,KT,고척,2877,0,????,,,2024
2024-04-16,화,SSG,KIA,문학,12712,0,????,,,2024
2024-04-16,화,삼성,두산,대구,7793,0,????,,,2024
2024-04-16,화,NC,한화,창원,4658,0,????,,,2024
2024-04-17,수,LG,롯데,잠실,16509,0,????,,,2024
2024-04-17,수,키움,KT,고척,3272,0,????,,,2024
2024-04-17,수,SSG,KIA,문학,16062,0,????,,,2024
2024-04-17,수,삼성,두산,대구,8393,0,????,,,2024
2024-04-17,수,NC,한화,창원,9921,0,????,,,2024
2024-04-18,목,LG,롯데,잠실,18200,0,????,,,2024
2024-04-18,목,키움,KT,고척,2901,0,????,,,2024
2024-04-18,목,SSG,KIA,문학,14263,0,????,,,2024
2024-04-18,목,삼성,두산,대구,8697,0,????,,,2024
2024-04-19,금,두산,키움,잠실,10649,0,????,,,2024
2024-04-19,금,SSG,LG,문학,14097,0,????,,,2024
2024-04-19,금,KIA,NC,광주,16889,0,????,,,2024
2024-04-19,금,롯데,KT,사직,10636,0,????,,,2024
2024-04-19,금,한화,삼성,한밭,12000,0,????,,,2024
2024-04-20,토,KIA,NC,광주,17462,0,????,,,2024
2024-04-20,토,한화,삼성,한밭,12000,0,????,,,2024
2024-04-21,일,두산,키움,잠실,13745,0,????,,,2024
2024-04-21,일,두산,키움,잠실,6197,0,????,,,2024
2024-04-21,일,SSG,LG,문학,19858,0,????,,,2024
2024-04-21,일,SSG,LG,문학,9656,0,????,,,2024
2024-04-21,일,KIA,NC,광주,20500,0,????,,,2024
2024-04-21,일,롯데,KT,사직,14423,0,????,,,2024
2024-04-21,일,롯데,KT,사직,7582,0,????,,,2024
2024-04-21,일,한화,삼성,한밭,12000,0,????,,,2024
2024-04-23,화,두산,NC,잠실,5664,0,????,,,2024
2024-04-23,화,키움,KIA,고척,10205,0,????,,,2024
2024-04-23,화,KT,한화,수원,10887,0,????,,,2024
2024-04-23,화,삼성,LG,대구,7494,0,????,,,2024
2024-04-24,수,두산,NC,잠실,6444,0,????,,,2024
2024-04-24,수,키움,KIA,고척,11048,0,????,,,2024
2024-04-24,수,KT,한화,수원,12538,0,????,,,2024
2024-04-24,수,삼성,LG,대구,10159,0,????,,,2024
2024-04-24,수,롯데,SSG,사직,8499,0,????,,,2024
2024-04-25,목,두산,NC,잠실,7385,0,????,,,2024
2024-04-25,목,키움,KIA,고척,13287,0,????,,,2024
2024-04-25,목,KT,한화,수원,11247,0,????,,,2024
2024-04-25,목,삼성,LG,대구,12012,0,????,,,2024
2024-04-25,목,롯데,SSG,사직,10518,0,????,,,2024
2024-04-26,금,LG,KIA,잠실,23750,0,????,,,2024
2024-04-26,금,키움,삼성,고척,9519,0,????,,,2024
2024-04-26,금,SSG,KT,문학,10075,0,????,,,2024
2024-04-26,금,NC,롯데,창원,16573,0,????,,,2024
2024-04-26,금,한화,두산,한밭,12000,0,????,,,2024
2024-04-27,토,LG,KIA,잠실,23750,0,????,,,2024
2024-04-27,토,키움,삼성,고척,15073,0,????,,,2024
2024-04-27,토,SSG,KT,문학,16957,0,????,,,2024
2024-04-27,토,NC,롯데,창원,17891,0,????,,,2024
2024-04-27,토,한화,두산,한밭,12000,0,????,,,2024
2024-04-28,일,LG,KIA,잠실,23750,0,????,,,2024
2024-04-28,일,키움,삼성,고척,13354,0,????,,,2024
2024-04-28,일,SSG,KT,문학,13196,0,????,,,2024
2024-04-28,일,NC,롯데,창원,17891,0,????,,,2024
2024-04-28,일,한화,두산,한밭,12000,0,????,,,2024
2024-04-30,화,두산,삼성,잠실,20170,0,????,,,2024
2024-04-30,화,KIA,KT,광주,17210,0,????,,,2024
2024-04-30,화,롯데,키움,사직,13376,0,????,,,2024
2024-04-30,화,NC,LG,창원,7278,0,????,,,2024
2024-04-30,화,한화,SSG,한밭,12000,0,????,,,2024
2024-05-01,수,두산,삼성,잠실,23750,0,????,,,2024
2024-05-01,수,KIA,KT,광주,17402,0,????,,,2024
2024-05-01,수,롯데,키움,사직,14791,0,????,,,2024
2024-05-01,수,NC,LG,창원,10397,0,????,,,2024
2024-05-01,수,한화,SSG,한밭,12000,0,????,,,2024
2024-05-02,목,두산,삼성,잠실,20395,0,????,,,2024
2024-05-02,목,KIA,KT,광주,16502,0,????,,,2024
2024-05-02,목,롯데,키움,사직,12569,0,????,,,2024
2024-05-02,목,NC,LG,창원,6338,0,????,,,2024
2024-05-02,목,한화,SSG,한밭,10890,0,????,,,2024
2024-05-03,금,LG,두산,잠실,23750,0,????,,,2024
2024-05-03,금,SSG,NC,문학,13737,0,????,,,2024
2024-05-03,금,KT,키움,수원,8213,0,????,,,2024
2024-05-03,금,삼성,롯데,대구,24000,0,????,,,2024
2024-05-03,금,KIA,한화,광주,20500,0,????,,,2024
2024-05-04,토,LG,두산,잠실,23750,0,????,,,2024
2024-05-04,토,SSG,NC,문학,22079,0,????,,,2024
2024-05-04,토,KT,키움,수원,14620,0,????,,,2024
2024-05-04,토,삼성,롯데,대구,24000,0,????,,,2024
2024-05-04,토,KIA,한화,광주,20500,0,????,,,2024
2024-05-07,화,LG,SSG,잠실,13387,0,????,,,2024
2024-05-07,화,키움,두산,고척,7339,0,????,,,2024
2024-05-08,수,LG,SSG,잠실,15699,0,????,,,2024
2024-05-08,수,키움,두산,고척,6405,0,????,,,2024
2024-05-08,수,KT,NC,수원,4480,0,????,,,2024
2024-05-08,수,삼성,KIA,대구,15421,0,????,,,2024
2024-05-08,수,롯데,한화,사직,11407,0,????,,,2024
2024-05-09,목,LG,SSG,잠실,16823,0,????,,,2024
2024-05-09,목,키움,두산,고척,8658,0,????,,,2024
2024-05-09,목,KT,NC,수원,6369,0,????,,,2024
2024-05-09,목,삼성,KIA,대구,16769,0,????,,,2024
2024-05-09,목,롯데,한화,사직,12774,0,????,,,2024
2024-05-10,금,두산,KT,잠실,13013,0,????,,,2024
2024-05-10,금,KIA,SSG,광주,18895,0,????,,,2024
2024-05-10,금,롯데,LG,사직,15731,0,????,,,2024
2024-05-10,금,NC,삼성,창원,12438,0,????,,,2024
2024-05-10,금,한화,키움,한밭,12000,0,????,,,2024
2024-05-11,토,롯데,LG,사직,22758,0,????,,,2024
2024-05-11,토,NC,삼성,창원,17891,0,????,,,2024
2024-05-11,토,한화,키움,한밭,12000,0,????,,,2024
2024-05-12,일,두산,KT,잠실,16308,0,????,,,2024
2024-05-12,일,두산,KT,잠실,9026,0,????,,,2024
2024-05-12,일,KIA,SSG,광주,20500,0,????,,,2024
2024-05-12,일,KIA,SSG,광주,12743,0,????,,,2024
2024-05-12,일,롯데,LG,사직,18914,0,????,,,2024
2024-05-12,일,NC,삼성,창원,16181,0,????,,,2024
2024-05-12,일,한화,키움,한밭,12000,0,????,,,2024
2024-05-14,화,LG,키움,잠실,18479,0,????,,,2024
2024-05-14,화,SSG,삼성,문학,16595,0,????,,,2024
2024-05-14,화,KT,롯데,수원,10120,0,????,,,2024
2024-05-14,화,KIA,두산,광주,18675,0,????,,,2024
2024-05-14,화,한화,NC,한밭,12000,0,????,,,2024
2024-05-15,수,KIA,두산,광주,20500,1,????,,,2024
2024-05-15,수,한화,NC,한밭,12000,1,????,,,2024
2024-05-16,목,LG,키움,잠실,15054,0,????,,,2024
2024-05-16,목,SSG,삼성,문학,13791,0,????,,,2024
2024-05-16,목,KT,롯데,수원,8312,0,????,,,2024
2024-05-16,목,KIA,두산,광주,15996,0,????,,,2024
2024-05-16,목,한화,NC,한밭,9522,0,????,,,2024
2024-05-17,금,두산,롯데,잠실,23750,0,????,,,2024
2024-05-17,금,키움,SSG,고척,9806,0,????,,,2024
2024-05-17,금,KT,LG,수원,11374,0,????,,,2024
2024-05-17,금,삼성,한화,대구,24000,0,????,,,2024
2024-05-17,금,NC,KIA,창원,12280,0,????,,,2024
2024-05-18,토,두산,롯데,잠실,23750,0,????,,,2024
2024-05-18,토,키움,SSG,고척,12133,0,????,,,2024
2024-05-18,토,KT,LG,수원,18700,0,????,,,2024
2024-05-18,토,삼성,한화,대구,24000,0,????,,,2024
2024-05-18,토,NC,KIA,창원,17891,0,????,,,2024
2024-05-19,일,두산,롯데,잠실,23750,0,????,,,2024
2024-05-19,일,키움,SSG,고척,10049,0,????,,,2024
2024-05-19,일,KT,LG,수원,15912,0,????,,,2024
2024-05-19,일,삼성,한화,대구,24000,0,????,,,2024
2024-05-19,일,NC,KIA,창원,16253,0,????,,,2024
2024-05-21,화,두산,SSG,잠실,13917,0,????,,,2024
2024-05-21,화,키움,NC,고척,3940,0,????,,,2024
2024-05-21,화,삼성,KT,대구,13360,0,????,,,2024
2024-05-21,화,롯데,KIA,사직,14006,0,????,,,2024
2024-05-21,화,한화,LG,한밭,9335,0,????,,,2024
2024-05-22,수,두산,SSG,잠실,12642,0,????,,,2024
2024-05-22,수,키움,NC,고척,4337,0,????,,,2024
2024-05-22,수,삼성,KT,대구,13232,0,????,,,2024
2024-05-22,수,롯데,KIA,사직,14062,0,????,,,2024
2024-05-22,수,한화,LG,한밭,9044,0,????,,,2024
2024-05-23,목,두산,SSG,잠실,12131,0,????,,,2024
2024-05-23,목,키움,NC,고척,3897,0,????,,,2024
2024-05-23,목,삼성,KT,대구,13291,0,????,,,2024
2024-05-23,목,롯데,KIA,사직,15844,0,????,,,2024
2024-05-23,목,한화,LG,한밭,10008,0,????,,,2024
2024-05-24,금,LG,NC,잠실,18551,0,????,,,2024
2024-05-24,금,SSG,한화,문학,22451,0,????,,,2024
2024-05-24,금,KT,키움,수원,6867,0,????,,,2024
2024-05-24,금,KIA,두산,광주,20500,0,????,,,2024
2024-05-24,금,롯데,삼성,사직,20577,0,????,,,2024
2024-05-25,토,LG,NC,잠실,22261,0,????,,,2024
2024-05-25,토,SSG,한화,문학,23000,0,????,,,2024
2024-05-25,토,KT,키움,수원,12425,0,????,,,2024
2024-05-25,토,KIA,두산,광주,20500,0,????,,,2024
2024-05-25,토,롯데,삼성,사직,22758,0,????,,,2024
2024-05-26,일,LG,NC,잠실,17692,0,????,,,2024
2024-05-26,일,KIA,두산,광주,20500,0,????,,,2024
2024-05-26,일,롯데,삼성,사직,22758,0,????,,,2024
2024-05-28,화,두산,KT,잠실,8459,0,????,,,2024
2024-05-28,화,SSG,LG,문학,14116,0,????,,,2024
2024-05-28,화,삼성,키움,대구,10884,0,????,,,2024
2024-05-28,화,NC,KIA,창원,8024,0,????,,,2024
2024-05-28,화,한화,롯데,한밭,11168,0,????,,,2024
2024-05-29,수,두산,KT,잠실,8811,0,????,,,2024
2024-05-29,수,SSG,LG,문학,14413,0,????,,,2024
2024-05-29,수,삼성,키움,대구,15080,0,????,,,2024
2024-05-29,수,NC,KIA,창원,7994,0,????,,,2024
2024-05-29,수,한화,롯데,한밭,10807,0,????,,,2024
2024-05-30,목,두산,KT,잠실,7915,0,????,,,2024
2024-05-30,목,SSG,LG,문학,15902,0,????,,,2024
2024-05-30,목,삼성,키움,대구,12748,0,????,,,2024
2024-05-30,목,NC,KIA,창원,7349,0,????,,,2024
2024-05-30,목,한화,롯데,한밭,11405,0,????,,,2024
2024-05-31,금,두산,LG,잠실,23750,0,????,,,2024
2024-05-31,금,키움,SSG,고척,5680,0,????,,,2024
2024-05-31,금,삼성,한화,대구,24000,0,????,,,2024
2024-05-31,금,KIA,KT,광주,20500,0,????,,,2024
2024-05-31,금,롯데,NC,사직,17760,0,????,,,2024
2024-06-01,토,두산,LG,잠실,23750,0,????,,,2024
2024-06-01,토,키움,SSG,고척,10462,0,????,,,2024
2024-06-01,토,삼성,한화,대구,24000,0,????,,,2024
2024-06-01,토,KIA,KT,광주,20500,0,????,,,2024
2024-06-01,토,롯데,NC,사직,22758,0,????,,,2024
2024-06-02,일,두산,LG,잠실,23750,0,????,,,2024
2024-06-02,일,키움,SSG,고척,8745,0,????,,,2024
2024-06-02,일,삼성,한화,대구,24000,0,????,,,2024
2024-06-02,일,KIA,KT,광주,20500,0,????,,,2024
2024-06-02,일,롯데,NC,사직,21896,0,????,,,2024
2024-06-04,화,LG,키움,잠실,14490,0,????,,,2024
2024-06-04,화,SSG,삼성,문학,10135,0,????,,,2024
2024-06-04,화,KT,한화,수원,11426,0,????,,,2024
2024-06-04,화,KIA,롯데,광주,16158,0,????,,,2024
2024-06-04,화,NC,두산,창원,5448,0,????,,,2024
2024-06-05,수,LG,키움,잠실,16681,0,????,,,2024
2024-06-05,수,SSG,삼성,문학,14532,0,????,,,2024
2024-06-05,수,KT,한화,수원,14626,0,????,,,2024
2024-06-05,수,KIA,롯데,광주,19045,0,????,,,2024
2024-06-05,수,NC,두산,창원,9892,0,????,,,2024
2024-06-06,목,LG,키움,잠실,23750,1,????,,,2024
2024-06-06,목,SSG,삼성,문학,23000,1,????,,,2024
2024-06-06,목,KT,한화,수원,18700,1,????,,,2024
2024-06-06,목,KIA,롯데,광주,20500,1,????,,,2024
2024-06-06,목,NC,두산,창원,14517,1,????,,,2024
2024-06-07,금,두산,KIA,잠실,23750,0,????,,,2024
2024-06-07,금,키움,삼성,고척,12636,0,????,,,2024
2024-06-07,금,KT,LG,수원,13154,0,????,,,2024
2024-06-07,금,롯데,SSG,사직,20678,0,????,,,2024
2024-06-07,금,한화,NC,한밭,12000,0,????,,,2024
2024-06-08,토,두산,KIA,잠실,23750,0,????,,,2024
2024-06-08,토,키움,삼성,고척,16000,0,????,,,2024
2024-06-08,토,KT,LG,수원,18700,0,????,,,2024
2024-06-08,토,한화,NC,한밭,12000,0,????,,,2024
2024-06-09,일,두산,KIA,잠실,23750,0,????,,,2024
2024-06-09,일,키움,삼성,고척,13509,0,????,,,2024
2024-06-09,일,KT,LG,수원,13642,0,????,,,2024
2024-06-09,일,롯데,SSG,사직,13700,0,????,,,2024
2024-06-09,일,롯데,SSG,사직,22758,0,????,,,2024
2024-06-09,일,한화,NC,한밭,12000,0,????,,,2024
2024-06-11,화,두산,한화,잠실,18475,0,????,,,2024
2024-06-11,화,SSG,KIA,문학,16007,0,????,,,2024
2024-06-11,화,삼성,LG,대구,12436,0,????,,,2024
2024-06-11,화,롯데,키움,사직,9948,0,????,,,2024
2024-06-11,화,NC,KT,창원,4279,0,????,,,2024
2024-06-12,수,두산,한화,잠실,21630,0,????,,,2024
2024-06-12,수,SSG,KIA,문학,16483,0,????,,,2024
2024-06-12,수,삼성,LG,대구,13511,0,????,,,2024
2024-06-12,수,롯데,키움,사직,11390,0,????,,,2024
2024-06-12,수,NC,KT,창원,4123,0,????,,,2024
2024-06-13,목,두산,한화,잠실,20253,0,????,,,2024
2024-06-13,목,SSG,KIA,문학,18290,0,????,,,2024
2024-06-13,목,삼성,LG,대구,14485,0,????,,,2024
2024-06-13,목,롯데,키움,사직,11941,0,????,,,2024
2024-06-13,목,NC,KT,창원,3764,0,????,,,2024
2024-06-14,금,LG,롯데,잠실,23750,0,????,,,2024
2024-06-14,금,키움,두산,고척,8680,0,????,,,2024
2024-06-14,금,KT,KIA,수원,18420,0,????,,,2024
2024-06-14,금,NC,삼성,창원,12394,0,????,,,2024
2024-06-14,금,한화,SSG,한밭,12000,0,????,,,2024
2024-06-15,토,LG,롯데,잠실,23750,0,????,,,2024
2024-06-15,토,키움,두산,고척,13954,0,????,,,2024
2024-06-15,토,KT,KIA,수원,18700,0,????,,,2024
2024-06-15,토,NC,삼성,창원,17891,0,????,,,2024
2024-06-15,토,한화,SSG,한밭,12000,0,????,,,2024
2024-06-16,일,LG,롯데,잠실,23750,0,????,,,2024
2024-06-16,일,키움,두산,고척,13184,0,????,,,2024
2024-06-16,일,KT,KIA,수원,18700,0,????,,,2024
2024-06-16,일,NC,삼성,창원,12860,0,????,,,2024
2024-06-16,일,한화,SSG,한밭,12000,0,????,,,2024
2024-06-18,화,두산,NC,잠실,9026,0,????,,,2024
2024-06-18,화,KT,롯데,수원,8491,0,????,,,2024
2024-06-18,화,삼성,SSG,대구,10426,0,????,,,2024
2024-06-18,화,KIA,LG,광주,18131,0,????,,,2024
2024-06-18,화,한화,키움,청주,9000,0,????,,,2024
2024-06-19,수,두산,NC,잠실,11984,0,????,,,2024
2024-06-19,수,KT,롯데,수원,9106,0,????,,,2024
2024-06-19,수,삼성,SSG,대구,11488,0,????,,,2024
2024-06-19,수,KIA,LG,광주,15056,0,????,,,2024
2024-06-19,수,한화,키움,청주,9000,0,????,,,2024
2024-06-20,목,두산,NC,잠실,10909,0,????,,,2024
2024-06-20,목,KT,롯데,수원,10496,0,????,,,2024
2024-06-20,목,삼성,SSG,대구,13024,0,????,,,2024
2024-06-20,목,KIA,LG,광주,14009,0,????,,,2024
2024-06-20,목,한화,키움,청주,9000,0,????,,,2024
2024-06-21,금,LG,KT,잠실,15537,0,????,,,2024
2024-06-21,금,키움,롯데,고척,11974,0,????,,,2024
2024-06-21,금,SSG,NC,문학,13560,0,????,,,2024
2024-06-21,금,삼성,두산,대구,24000,0,????,,,2024
2024-06-21,금,KIA,한화,광주,20500,0,????,,,2024
2024-06-22,토,키움,롯데,고척,16000,0,????,,,2024
2024-06-22,토,SSG,NC,문학,19789,0,????,,,2024
2024-06-23,일,LG,KT,잠실,11417,0,????,,,2024
2024-06-23,일,LG,KT,잠실,15418,0,????,,,2024
2024-06-23,일,키움,롯데,고척,16000,0,????,,,2024
2024-06-23,일,SSG,NC,문학,17200,0,????,,,2024
2024-06-23,일,삼성,두산,대구,20680,0,????,,,2024
2024-06-23,일,삼성,두산,대구,24000,0,????,,,2024
2024-06-23,일,KIA,한화,광주,19085,0,????,,,2024
2024-06-23,일,KIA,한화,광주,18860,0,????,,,2024
2024-06-25,화,LG,삼성,잠실,21989,0,????,,,2024
2024-06-25,화,키움,NC,고척,5159,0,????,,,2024
2024-06-25,화,SSG,KT,문학,9629,0,????,,,2024
2024-06-25,화,롯데,KIA,사직,19110,0,????,,,2024
2024-06-25,화,한화,두산,한밭,11556,0,????,,,2024
2024-06-26,수,LG,삼성,잠실,23281,0,????,,,2024
2024-06-26,수,키움,NC,고척,4698,0,????,,,2024
2024-06-26,수,SSG,KT,문학,10229,0,????,,,2024
2024-06-26,수,롯데,KIA,사직,19755,0,????,,,2024
2024-06-26,수,한화,두산,한밭,11564,0,????,,,2024
2024-06-27,목,LG,삼성,잠실,22114,0,????,,,2024
2024-06-27,목,키움,NC,고척,4726,0,????,,,2024
2024-06-27,목,SSG,KT,문학,10684,0,????,,,2024
2024-06-27,목,롯데,KIA,사직,12867,0,????,,,2024
2024-06-27,목,한화,두산,한밭,11128,0,????,,,2024
2024-06-28,금,두산,SSG,잠실,17367,0,????,,,2024
2024-06-28,금,KT,삼성,수원,14678,0,????,,,2024
2024-06-28,금,KIA,키움,광주,18601,0,????,,,2024
2024-06-28,금,롯데,한화,사직,22758,0,????,,,2024
2024-06-28,금,NC,LG,창원,13506,0,????,,,2024
2024-06-29,토,두산,SSG,잠실,20020,0,????,,,2024
2024-06-30,일,두산,SSG,잠실,13985,0,????,,,2024
2024-06-30,일,KT,삼성,수원,8357,0,????,,,2024
2024-06-30,일,KT,삼성,수원,12253,0,????,,,2024
2024-06-30,일,NC,LG,창원,6991,0,????,,,2024
2024-07-02,화,키움,LG,고척,10185,0,????,,,2024
2024-07-02,화,삼성,KIA,대구,13230,0,????,,,2024
2024-07-02,화,한화,KT,한밭,6794,0,????,,,2024
2024-07-03,수,두산,롯데,잠실,19727,0,????,,,2024
2024-07-03,수,키움,LG,고척,11135,0,????,,,2024
2024-07-03,수,삼성,KIA,대구,17472,0,????,,,2024
2024-07-03,수,NC,SSG,창원,6384,0,????,,,2024
2024-07-03,수,한화,KT,한밭,9009,0,????,,,2024
2024-07-04,목,두산,롯데,잠실,19372,0,????,,,2024
2024-07-04,목,키움,LG,고척,12819,0,????,,,2024
2024-07-04,목,삼성,KIA,대구,17093,0,????,,,2024
2024-07-04,목,NC,SSG,창원,6587,0,????,,,2024
2024-07-04,목,한화,KT,한밭,8330,0,????,,,2024
2024-07-09,화,LG,KIA,잠실,22038,0,????,,,2024
2024-07-09,화,키움,한화,고척,14981,0,????,,,2024
2024-07-09,화,SSG,롯데,문학,10051,0,????,,,2024
2024-07-10,수,LG,KIA,잠실,23750,0,????,,,2024
2024-07-10,수,키움,한화,고척,15096,0,????,,,2024
2024-07-10,수,SSG,롯데,문학,14381,0,????,,,2024
2024-07-10,수,KT,두산,수원,8079,0,????,,,2024
2024-07-10,수,삼성,NC,대구,12507,0,????,,,2024
2024-07-11,목,LG,KIA,잠실,23750,0,????,,,2024
2024-07-11,목,키움,한화,고척,15205,0,????,,,2024
2024-07-11,목,SSG,롯데,문학,15842,0,????,,,2024
2024-07-11,목,KT,두산,수원,10182,0,????,,,2024
2024-07-11,목,삼성,NC,대구,15075,0,????,,,2024
2024-07-12,금,두산,삼성,잠실,22279,0,????,,,2024
2024-07-12,금,KIA,SSG,광주,17755,0,????,,,2024
2024-07-12,금,롯데,KT,사직,21545,0,????,,,2024
2024-07-12,금,NC,키움,창원,8579,0,????,,,2024
2024-07-12,금,한화,LG,한밭,12000,0,????,,,2024
2024-07-13,토,두산,삼성,잠실,23750,0,????,,,2024
2024-07-13,토,KIA,SSG,광주,20500,0,????,,,2024
2024-07-13,토,롯데,KT,사직,22758,0,????,,,2024
2024-07-13,토,NC,키움,창원,11282,0,????,,,2024
2024-07-13,토,한화,LG,한밭,12000,0,????,,,2024
2024-07-14,일,두산,삼성,잠실,23750,0,????,,,2024
2024-07-14,일,KIA,SSG,광주,15444,0,????,,,2024
2024-07-14,일,한화,LG,한밭,12000,0,????,,,2024
2024-07-16,화,키움,KT,고척,5851,0,????,,,2024
2024-07-16,화,롯데,두산,울산,7833,0,????,,,2024
2024-07-17,수,LG,SSG,잠실,11773,0,????,,,2024
2024-07-17,수,키움,KT,고척,5085,0,????,,,2024
2024-07-17,수,KIA,삼성,광주,13904,0,????,,,2024
2024-07-17,수,NC,한화,창원,6870,0,????,,,2024
2024-07-17,수,롯데,두산,울산,9354,0,????,,,2024
2024-07-18,목,키움,KT,고척,5040,0,????,,,2024
2024-07-18,목,KIA,삼성,광주,11429,0,????,,,2024
2024-07-18,목,NC,한화,창원,7550,0,????,,,2024
2024-07-18,목,롯데,두산,울산,9102,0,????,,,2024
2024-07-19,금,LG,두산,잠실,23750,0,????,,,2024
2024-07-19,금,SSG,키움,문학,12715,0,????,,,2024
2024-07-19,금,KT,NC,수원,7650,0,????,,,2024
2024-07-19,금,삼성,롯데,대구,24000,0,????,,,2024
2024-07-19,금,한화,KIA,한밭,12000,0,????,,,2024
2024-07-20,토,삼성,롯데,대구,24000,0,????,,,2024
2024-07-20,토,한화,KIA,한밭,12000,0,????,,,2024
2024-07-21,일,LG,두산,잠실,23211,0,????,,,2024
2024-07-21,일,SSG,키움,문학,15369,0,????,,,2024
2024-07-21,일,KT,NC,수원,9188,0,????,,,2024
2024-07-21,일,삼성,롯데,대구,24000,0,????,,,2024
2024-07-21,일,한화,KIA,한밭,12000,0,????,,,2024
2024-07-23,화,두산,키움,잠실,7292,0,????,,,2024
2024-07-23,화,KIA,NC,광주,13756,0,????,,,2024
2024-07-23,화,롯데,LG,사직,18416,0,????,,,2024
2024-07-23,화,한화,삼성,한밭,11501,0,????,,,2024
2024-07-24,수,두산,키움,잠실,8887,0,????,,,2024
2024-07-24,수,KT,SSG,수원,6449,0,????,,,2024
2024-07-24,수,KIA,NC,광주,13308,0,????,,,2024
2024-07-24,수,한화,삼성,한밭,11882,0,????,,,2024
2024-07-25,목,두산,키움,잠실,19145,0,????,,,2024
2024-07-25,목,KT,SSG,수원,7067,0,????,,,2024
2024-07-25,목,KIA,NC,광주,14130,0,????,,,2024
2024-07-25,목,롯데,LG,사직,20322,0,????,,,2024
2024-07-26,금,키움,KIA,고척,16000,0,????,,,2024
2024-07-26,금,SSG,두산,문학,15006,0,????,,,2024
2024-07-26,금,삼성,KT,대구,21891,0,????,,,2024
2024-07-26,금,NC,롯데,창원,17891,0,????,,,2024
2024-07-27,토,키움,KIA,고척,16000,0,????,,,2024
2024-07-27,토,SSG,두산,문학,19448,0,????,,,2024
2024-07-27,토,삼성,KT,대구,24000,0,????,,,2024
2024-07-27,토,NC,롯데,창원,17891,0,????,,,2024
2024-07-28,일,LG,한화,잠실,23750,0,????,,,2024
2024-07-28,일,키움,KIA,고척,16000,0,????,,,2024
2024-07-28,일,SSG,두산,문학,17619,0,????,,,2024
2024-07-28,일,삼성,KT,대구,23104,0,????,,,2024
2024-07-28,일,NC,롯데,창원,17891,0,????,,,2024
2024-07-30,화,LG,삼성,잠실,22946,0,????,,,2024
2024-07-30,화,키움,NC,고척,6925,0,????,,,2024
2024-07-30,화,SSG,롯데,문학,17550,0,????,,,2024
2024-07-30,화,KT,한화,수원,14210,0,????,,,2024
2024-07-30,화,KIA,두산,광주,20500,0,????,,,2024
2024-07-31,수,LG,삼성,잠실,23409,0,????,,,2024
2024-07-31,수,키움,NC,고척,6918,0,????,,,2024
2024-07-31,수,SSG,롯데,문학,17563,0,????,,,2024
2024-07-31,수,KT,한화,수원,14988,0,????,,,2024
2024-07-31,수,KIA,두산,광주,18693,0,????,,,2024
2024-08-01,목,LG,삼성,잠실,23315,0,????,,,2024
2024-08-01,목,키움,NC,고척,7306,0,????,,,2024
2024-08-01,목,SSG,롯데,문학,18828,0,????,,,2024
2024-08-01,목,KT,한화,수원,15197,0,????,,,2024
2024-08-01,목,KIA,두산,광주,20500,0,????,,,2024
2024-08-02,금,두산,키움,잠실,13209,0,????,,,2024
2024-08-02,금,삼성,SSG,대구,22336,0,????,,,2024
2024-08-02,금,NC,KT,창원,9845,0,????,,,2024
2024-08-02,금,한화,KIA,한밭,12000,0,????,,,2024
2024-08-03,토,두산,키움,잠실,15527,0,????,,,2024
2024-08-03,토,삼성,SSG,대구,24000,0,????,,,2024
2024-08-03,토,롯데,LG,울산,9914,0,????,,,2024
2024-08-03,토,한화,KIA,한밭,12000,0,????,,,2024
2024-08-04,일,삼성,SSG,대구,20416,0,????,,,2024
2024-08-04,일,NC,KT,창원,9568,0,????,,,2024
2024-08-06,화,두산,LG,잠실,17065,0,????,,,2024
2024-08-06,화,키움,SSG,고척,8356,0,????,,,2024
2024-08-06,화,삼성,한화,대구,16288,0,????,,,2024
2024-08-06,화,KIA,KT,광주,14457,0,????,,,2024
2024-08-06,화,롯데,NC,사직,17068,0,????,,,2024
2024-08-07,수,두산,LG,잠실,15883,0,????,,,2024
2024-08-07,수,키움,SSG,고척,7792,0,????,,,2024
2024-08-07,수,삼성,한화,대구,17114,0,????,,,2024
2024-08-07,수,KIA,KT,광주,11625,0,????,,,2024
2024-08-07,수,롯데,NC,사직,18425,0,????,,,2024
2024-08-08,목,두산,LG,잠실,16321,0,????,,,2024
2024-08-08,목,키움,SSG,고척,8000,0,????,,,2024
2024-08-08,목,삼성,한화,대구,18367,0,????,,,2024
2024-08-08,목,KIA,KT,광주,11011,0,????,,,2024
2024-08-09,금,LG,NC,잠실,14131,0,????,,,2024
2024-08-09,금,SSG,두산,문학,12451,0,????,,,2024
2024-08-09,금,KT,롯데,수원,11534,0,????,,,2024
2024-08-09,금,KIA,삼성,광주,18448,0,????,,,2024
2024-08-09,금,한화,키움,한밭,11302,0,????,,,2024
2024-08-10,토,LG,NC,잠실,19151,0,????,,,2024
2024-08-10,토,SSG,두산,문학,19796,0,????,,,2024
2024-08-10,토,KT,롯데,수원,18700,0,????,,,2024
2024-08-10,토,한화,키움,한밭,12000,0,????,,,2024
2024-08-11,일,LG,NC,잠실,18902,0,????,,,2024
2024-08-11,일,SSG,두산,문학,16151,0,????,,,2024
2024-08-11,일,KT,롯데,수원,13805,0,????,,,2024
2024-08-11,일,KIA,삼성,광주,20500,0,????,,,2024
2024-08-11,일,한화,키움,한밭,12000,0,????,,,2024
2024-08-13,화,키움,KIA,고척,16000,0,????,,,2024
2024-08-13,화,삼성,KT,대구,15109,0,????,,,2024
2024-08-13,화,NC,SSG,창원,5121,0,????,,,2024
2024-08-13,화,한화,LG,한밭,11748,0,????,,,2024
2024-08-14,수,두산,롯데,잠실,21337,0,????,,,2024
2024-08-14,수,키움,KIA,고척,16000,0,????,,,2024
2024-08-14,수,삼성,KT,대구,20435,0,????,,,2024
2024-08-14,수,한화,LG,한밭,11884,0,????,,,2024
2024-08-15,목,두산,롯데,잠실,23750,1,????,,,2024
2024-08-15,목,키움,KIA,고척,16000,1,????,,,2024
2024-08-15,목,삼성,KT,대구,24000,1,????,,,2024
2024-08-15,목,NC,SSG,창원,10389,1,????,,,2024
2024-08-15,목,한화,LG,한밭,12000,1,????,,,2024
2024-08-16,금,LG,KIA,잠실,23750,0,????,,,2024
2024-08-16,금,SSG,한화,문학,21057,0,????,,,2024
2024-08-16,금,KT,두산,수원,11443,0,????,,,2024
2024-08-16,금,롯데,키움,사직,21181,0,????,,,2024
2024-08-16,금,NC,삼성,창원,10580,0,????,,,2024
2024-08-17,토,LG,KIA,잠실,23750,0,????,,,2024
2024-08-17,토,SSG,한화,문학,23000,0,????,,,2024
2024-08-17,토,KT,두산,수원,16427,0,????,,,2024
2024-08-17,토,롯데,키움,사직,22758,0,????,,,2024
2024-08-17,토,NC,삼성,창원,17891,0,????,,,2024
2024-08-18,일,LG,KIA,잠실,23750,0,????,,,2024
2024-08-18,일,SSG,한화,문학,22545,0,????,,,2024
2024-08-18,일,KT,두산,수원,12164,0,????,,,2024
2024-08-18,일,롯데,키움,사직,20740,0,????,,,2024
2024-08-18,일,NC,삼성,창원,12328,0,????,,,2024
2024-08-20,화,LG,SSG,잠실,12736,0,????,,,2024
2024-08-20,화,KT,키움,수원,5858,0,????,,,2024
2024-08-20,화,삼성,두산,포항,10064,0,????,,,2024
2024-08-20,화,한화,NC,청주,8429,0,????,,,2024
2024-08-21,수,LG,SSG,잠실,12008,0,????,,,2024
2024-08-21,수,KT,키움,수원,6288,0,????,,,2024
2024-08-21,수,KIA,롯데,광주,12625,0,????,,,2024
2024-08-21,수,삼성,두산,포항,10268,0,????,,,2024
2024-08-21,수,한화,NC,청주,8102,0,????,,,2024
2024-08-22,목,LG,SSG,잠실,11917,0,????,,,2024
2024-08-22,목,KT,키움,수원,6181,0,????,,,2024
2024-08-22,목,KIA,롯데,광주,12693,0,????,,,2024
2024-08-23,금,두산,한화,잠실,23750,0,????,,,2024
2024-08-23,금,키움,LG,고척,13852,0,????,,,2024
2024-08-23,금,SSG,KT,문학,10972,0,????,,,2024
2024-08-23,금,삼성,롯데,대구,24000,0,????,,,2024
2024-08-23,금,NC,KIA,창원,13524,0,????,,,2024
2024-08-24,토,두산,한화,잠실,23750,0,????,,,2024
2024-08-24,토,키움,LG,고척,16000,0,????,,,2024
2024-08-24,토,SSG,KT,문학,17053,0,????,,,2024
2024-08-24,토,삼성,롯데,대구,24000,0,????,,,2024
2024-08-24,토,NC,KIA,창원,16489,0,????,,,2024
2024-08-25,일,두산,한화,잠실,23750,0,????,,,2024
2024-08-25,일,키움,LG,고척,16000,0,????,,,2024
2024-08-25,일,SSG,KT,문학,16595,0,????,,,2024
2024-08-25,일,삼성,롯데,대구,24000,0,????,,,2024
2024-08-25,일,NC,KIA,창원,11712,0,????,,,2024
2024-08-27,화,LG,KT,잠실,12678,0,????,,,2024
2024-08-27,화,키움,삼성,고척,14421,0,????,,,2024
2024-08-27,화,KIA,SSG,광주,13038,0,????,,,2024
2024-08-27,화,롯데,한화,사직,18113,0,????,,,2024
2024-08-27,화,NC,두산,창원,4814,0,????,,,2024
2024-08-28,수,LG,KT,잠실,13848,0,????,,,2024
2024-08-28,수,키움,삼성,고척,13929,0,????,,,2024
2024-08-28,수,KIA,SSG,광주,13155,0,????,,,2024
2024-08-28,수,롯데,한화,사직,22758,0,????,,,2024
2024-08-28,수,NC,두산,창원,5869,0,????,,,2024
2024-08-29,목,LG,KT,잠실,13832,0,????,,,2024
2024-08-29,목,키움,삼성,고척,14903,0,????,,,2024
2024-08-29,목,KIA,SSG,광주,12931,0,????,,,2024
2024-08-29,목,롯데,한화,사직,19434,0,????,,,2024
2024-08-29,목,NC,두산,창원,5985,0,????,,,2024
2024-08-30,금,키움,롯데,고척,15073,0,????,,,2024
2024-08-30,금,KT,LG,수원,12128,0,????,,,2024
2024-08-31,토,두산,롯데,잠실,23750,0,????,,,2024
2024-08-31,토,SSG,NC,문학,17039,0,????,,,2024
2024-08-31,토,삼성,KIA,대구,24000,0,????,,,2024
2024-08-31,토,한화,KT,한밭,12000,0,????,,,2024
2024-09-01,일,두산,롯데,잠실,23750,0,????,,,2024
2024-09-01,일,SSG,NC,문학,13039,0,????,,,2024
2024-09-01,일,삼성,KIA,대구,24000,0,????,,,2024
2024-09-03,화,삼성,롯데,대구,24000,0,????,,,2024
2024-09-03,화,KIA,LG,광주,13089,0,????,,,2024
2024-09-03,화,NC,키움,창원,3394,0,????,,,2024
2024-09-03,화,한화,두산,한밭,12000,0,????,,,2024
2024-09-04,수,LG,SSG,잠실,13229,0,????,,,2024
2024-09-04,수,삼성,두산,대구,24000,0,????,,,2024
2024-09-04,수,KIA,한화,광주,15328,0,????,,,2024
2024-09-04,수,롯데,KT,사직,14041,0,????,,,2024
2024-09-04,수,NC,키움,창원,4956,0,????,,,2024
2024-09-05,목,LG,SSG,잠실,12115,0,????,,,2024
2024-09-05,목,KIA,한화,광주,16083,0,????,,,2024
2024-09-05,목,롯데,KT,사직,15864,0,????,,,2024
2024-09-05,목,NC,키움,창원,5214,0,????,,,2024
2024-09-06,금,LG,한화,잠실,23750,0,????,,,2024
2024-09-06,금,KIA,키움,광주,17103,0,????,,,2024
2024-09-06,금,롯데,삼성,사직,22464,0,????,,,2024
2024-09-06,금,NC,KT,창원,5868,0,????,,,2024
2024-09-07,토,LG,한화,잠실,23750,0,????,,,2024
2024-09-07,토,KT,두산,수원,18700,0,????,,,2024
2024-09-07,토,삼성,NC,대구,24000,0,????,,,2024
2024-09-07,토,KIA,키움,광주,20500,0,????,,,2024
2024-09-07,토,롯데,SSG,사직,22758,0,????,,,2024
2024-09-08,일,LG,한화,잠실,23750,0,????,,,2024
2024-09-08,일,삼성,NC,대구,24000,0,????,,,2024
2024-09-08,일,KIA,키움,광주,20500,0,????,,,2024
2024-09-08,일,롯데,SSG,사직,18116,0,????,,,2024
2024-09-10,화,LG,롯데,잠실,23750,0,????,,,2024
2024-09-10,화,키움,두산,고척,13822,0,????,,,2024
2024-09-10,화,SSG,한화,문학,19109,0,????,,,2024
2024-09-10,화,KT,NC,수원,6721,0,????,,,2024
2024-09-11,수,LG,키움,잠실,13393,0,????,,,2024
2024-09-11,수,SSG,롯데,문학,16051,0,????,,,2024
2024-09-11,수,KT,NC,수원,5815,0,????,,,2024
2024-09-11,수,한화,삼성,한밭,11670,0,????,,,2024
2024-09-12,목,KT,NC,수원,5962,0,????,,,2024
2024-09-12,목,KIA,롯데,광주,20500,0,????,,,2024
2024-09-12,목,한화,삼성,한밭,11719,0,????,,,2024
2024-09-13,금,롯데,한화,사직,19675,0,????,,,2024
2024-09-14,토,두산,KT,잠실,23750,0,????,,,2024
2024-09-14,토,SSG,삼성,문학,23000,0,????,,,2024
2024-09-14,토,KIA,키움,광주,20500,0,????,,,2024
2024-09-14,토,롯데,한화,사직,21514,0,????,,,2024
2024-09-14,토,NC,LG,창원,15383,0,????,,,2024
2024-09-15,일,SSG,삼성,문학,23000,0,????,,,2024
2024-09-15,일,KIA,키움,광주,20500,0,????,,,2024
2024-09-15,일,롯데,한화,사직,22758,0,????,,,2024
2024-09-15,일,NC,LG,창원,10826,0,????,,,2024
2024-09-16,월,두산,키움,잠실,18894,1,????,,,2024
2024-09-16,월,KT,KIA,수원,18700,1,????,,,2024
2024-09-17,화,두산,삼성,잠실,23750,1,????,,,2024
2024-09-17,화,키움,KT,고척,11032,1,????,,,2024
2024-09-17,화,SSG,KIA,문학,23000,1,????,,,2024
2024-09-17,화,롯데,LG,사직,18742,1,????,,,2024
2024-09-17,화,NC,한화,창원,9403,1,????,,,2024
2024-09-18,수,KT,삼성,수원,18700,1,????,,,2024
2024-09-18,수,롯데,LG,사직,21147,1,????,,,2024
2024-09-18,수,NC,한화,창원,9268,1,????,,,2024
2024-09-19,목,두산,KIA,잠실,23750,0,????,,,2024
2024-09-19,목,SSG,키움,문학,14848,0,????,,,2024
2024-09-19,목,KT,삼성,수원,12617,0,????,,,2024
2024-09-19,목,롯데,LG,사직,16895,0,????,,,2024
2024-09-19,목,NC,한화,창원,6010,0,????,,,2024
2024-09-21,토,LG,두산,잠실,23236,0,????,,,2024
2024-09-21,토,LG,두산,잠실,23750,0,????,,,2024
2024-09-21,토,KT,SSG,수원,15805,0,????,,,2024
2024-09-22,일,LG,두산,잠실,23750,0,????,,,2024
2024-09-22,일,KT,SSG,수원,15049,0,????,,,2024
2024-09-22,일,삼성,키움,대구,24000,0,????,,,2024
2024-09-22,일,한화,롯데,한밭,12000,0,????,,,2024
2024-09-23,월,두산,SSG,잠실,22489,0,????,,,2024
2024-09-23,월,KIA,삼성,광주,20500,0,????,,,2024
2024-09-23,월,한화,롯데,한밭,10407,0,????,,,2024
2024-09-24,화,두산,NC,잠실,22064,0,????,,,2024
2024-09-24,화,키움,한화,고척,16000,0,????,,,2024
2024-09-24,화,SSG,LG,문학,19911,0,????,,,2024
2024-09-24,화,KT,롯데,수원,13304,0,????,,,2024
2024-09-24,화,KIA,삼성,광주,20500,0,????,,,2024
2024-09-25,수,LG,한화,잠실,23750,0,????,,,2024
2024-09-25,수,삼성,키움,대구,24000,0,????,,,2024
2024-09-25,수,KIA,롯데,광주,20500,0,????,,,2024
2024-09-25,수,NC,SSG,창원,6157,0,????,,,2024
2024-09-26,목,LG,키움,잠실,21593,0,????,,,2024
2024-09-26,목,롯데,두산,사직,18727,0,????,,,2024
2024-09-26,목,NC,SSG,창원,6377,0,????,,,2024
2024-09-27,금,KT,키움,수원,12824,0,????,,,2024
2024-09-27,금,롯데,NC,사직,22758,0,????,,,2024
2024-09-27,금,한화,KIA,한밭,12000,0,????,,,2024
2024-09-28,토,KT,키움,수원,18700,0,????,,,2024
2024-09-28,토,삼성,LG,대구,24000,0,????,,,2024
2024-09-28,토,롯데,KIA,사직,22758,0,????,,,2024
2024-09-28,토,NC,두산,창원,17891,0,????,,,2024
2024-09-28,토,한화,SSG,한밭,12000,0,????,,,2024
2024-09-29,일,한화,NC,한밭,12000,0,????,,,2024
2024-09-30,월,SSG,키움,문학,23000,0,????,,,2024
2024-09-30,월,KIA,NC,광주,20500,0,????,,,2024
2024-10-01,화,NC,롯데,창원,17891,1,????,,,2024
2025-03-22,토,LG,롯데,잠실,23750,0,????,,,2025
2025-03-22,토,SSG,두산,문학,23000,0,????,,,2025
2025-03-22,토,KT,한화,수원,18700,0,????,,,2025
2025-03-22,토,삼성,키움,대구,24000,0,????,,,2025
2025-03-22,토,KIA,NC,광주,20500,0,????,,,2025
2025-03-23,일,LG,롯데,잠실,23750,0,????,,,2025
2025-03-23,일,SSG,두산,문학,23000,0,????,,,2025
2025-03-23,일,KT,한화,수원,18700,0,????,,,2025
2025-03-23,일,삼성,키움,대구,24000,0,????,,,2025
2025-03-23,일,KIA,NC,광주,20500,0,????,,,2025
2025-03-25,화,LG,한화,잠실,23750,0,????,,,2025
2025-03-25,화,SSG,롯데,문학,13860,0,????,,,2025
2025-03-25,화,KT,두산,수원,8141,0,????,,,2025
2025-03-25,화,삼성,NC,대구,21024,0,????,,,2025
2025-03-25,화,KIA,키움,광주,15053,0,????,,,2025
2025-03-26,수,LG,한화,잠실,23750,0,????,,,2025
2025-03-26,수,SSG,롯데,문학,14855,0,????,,,2025
2025-03-26,수,KT,두산,수원,9607,0,????,,,2025
2025-03-26,수,삼성,NC,대구,24000,0,????,,,2025
2025-03-26,수,KIA,키움,광주,17780,0,????,,,2025
2025-03-27,목,LG,한화,잠실,23750,0,????,,,2025
2025-03-27,목,SSG,롯데,문학,14155,0,????,,,2025
2025-03-27,목,KT,두산,수원,9024,0,????,,,2025
2025-03-27,목,삼성,NC,대구,20781,0,????,,,2025
2025-03-27,목,KIA,키움,광주,12288,0,????,,,2025
2025-03-28,금,두산,삼성,잠실,23750,0,????,,,2025
2025-03-28,금,키움,SSG,고척,11002,0,????,,,2025
2025-03-28,금,한화,KIA,대전,17000,0,????,,,2025
2025-03-28,금,롯데,KT,사직,22665,0,????,,,2025
2025-03-28,금,NC,LG,창원,15510,0,????,,,2025
2025-03-29,토,두산,삼성,잠실,23750,0,????,,,2025
2025-03-29,토,키움,SSG,고척,13785,0,????,,,2025
2025-03-29,토,한화,KIA,대전,17000,0,????,,,2025
2025-03-29,토,롯데,KT,사직,22665,0,????,,,2025
2025-03-29,토,NC,LG,창원,17943,0,????,,,2025
2025-03-30,일,두산,삼성,잠실,23750,0,????,,,2025
2025-03-30,일,키움,SSG,고척,13081,0,????,,,2025
2025-03-30,일,한화,KIA,대전,17000,0,????,,,2025
2025-03-30,일,롯데,KT,사직,22665,0,????,,,2025
2025-04-02,수,두산,키움,잠실,8336,0,????,,,2025
2025-04-02,수,KT,LG,수원,7829,0,????,,,2025
2025-04-02,수,한화,롯데,대전,16252,0,????,,,2025
2025-04-02,수,KIA,삼성,광주,12172,0,????,,,2025
2025-04-03,목,두산,키움,잠실,9131,0,????,,,2025
2025-04-03,목,KT,LG,수원,8627,0,????,,,2025
2025-04-03,목,한화,롯데,대전,16559,0,????,,,2025
2025-04-03,목,KIA,삼성,광주,12826,0,????,,,2025
2025-04-04,금,LG,KIA,잠실,23750,0,????,,,2025
2025-04-04,금,키움,NC,고척,5161,0,????,,,2025
2025-04-04,금,SSG,KT,문학,13323,0,????,,,2025
2025-04-04,금,삼성,한화,대구,24000,0,????,,,2025
2025-04-04,금,롯데,두산,사직,17293,0,????,,,2025
2025-04-05,토,키움,NC,고척,8895,0,????,,,2025
2025-04-05,토,삼성,한화,대구,24000,0,????,,,2025
2025-04-05,토,롯데,두산,사직,21807,0,????,,,2025
2025-04-06,일,LG,KIA,잠실,23750,0,????,,,2025
2025-04-06,일,키움,NC,고척,7041,0,????,,,2025
2025-04-06,일,SSG,KT,문학,18679,0,????,,,2025
2025-04-06,일,삼성,한화,대구,24000,0,????,,,2025
2025-04-06,일,롯데,두산,사직,22665,0,????,,,2025
2025-04-08,화,두산,한화,잠실,20986,0,????,,,2025
2025-04-08,화,키움,LG,고척,10452,0,????,,,2025
2025-04-08,화,KT,NC,수원,5233,0,????,,,2025
2025-04-08,화,삼성,SSG,대구,19327,0,????,,,2025
2025-04-08,화,롯데,KIA,사직,14038,0,????,,,2025
2025-04-09,수,두산,한화,잠실,19300,0,????,,,2025
2025-04-09,수,키움,LG,고척,9967,0,????,,,2025
2025-04-09,수,KT,NC,수원,3667,0,????,,,2025
2025-04-09,수,삼성,SSG,대구,20632,0,????,,,2025
2025-04-09,수,롯데,KIA,사직,13551,0,????,,,2025
2025-04-10,목,두산,한화,잠실,21561,0,????,,,2025
2025-04-10,목,키움,LG,고척,10627,0,????,,,2025
2025-04-10,목,KT,NC,수원,5086,0,????,,,2025
2025-04-10,목,삼성,SSG,대구,21291,0,????,,,2025
2025-04-10,목,롯데,KIA,사직,13726,0,????,,,2025
2025-04-11,금,LG,두산,잠실,23750,0,????,,,2025
2025-04-11,금,KT,삼성,수원,17416,0,????,,,2025
2025-04-11,금,한화,키움,대전,17000,0,????,,,2025
2025-04-11,금,KIA,SSG,광주,20500,0,????,,,2025
2025-04-11,금,NC,롯데,사직,13728,0,????,,,2025
2025-04-12,토,LG,두산,잠실,22938,0,????,,,2025
2025-04-12,토,한화,키움,대전,15457,0,????,,,2025
2025-04-12,토,NC,롯데,사직,15222,0,????,,,2025
2025-04-13,일,LG,두산,잠실,23750,0,????,,,2025
2025-04-13,일,KT,삼성,수원,18700,0,????,,,2025
2025-04-13,일,한화,키움,대전,17000,0,????,,,2025
2025-04-13,일,KIA,SSG,광주,20500,0,????,,,2025
2025-04-13,일,NC,롯데,사직,21003,0,????,,,2025
2025-04-15,화,LG,삼성,잠실,23750,0,????,,,2025
2025-04-15,화,SSG,한화,문학,15618,0,????,,,2025
2025-04-15,화,KIA,KT,광주,10979,0,????,,,2025
2025-04-15,화,롯데,키움,사직,9714,0,????,,,2025
2025-04-16,수,LG,삼성,잠실,23750,0,????,,,2025
2025-04-16,수,SSG,한화,문학,16785,0,????,,,2025
2025-04-16,수,KIA,KT,광주,12423,0,????,,,2025
2025-04-16,수,롯데,키움,사직,11679,0,????,,,2025
2025-04-17,목,LG,삼성,잠실,23750,0,????,,,2025
2025-04-17,목,SSG,한화,문학,18098,0,????,,,2025
2025-04-17,목,KIA,KT,광주,12104,0,????,,,2025
2025-04-17,목,롯데,키움,사직,11812,0,????,,,2025
2025-04-18,금,두산,KIA,잠실,23750,0,????,,,2025
2025-04-18,금,키움,KT,고척,4666,0,????,,,2025
2025-04-18,금,SSG,LG,문학,18091,0,????,,,2025
2025-04-18,금,한화,NC,대전,17000,0,????,,,2025
2025-04-18,금,삼성,롯데,대구,24000,0,????,,,2025
2025-04-19,토,두산,KIA,잠실,23750,0,????,,,2025
2025-04-19,토,키움,KT,고척,8281,0,????,,,2025
2025-04-19,토,SSG,LG,문학,18727,0,????,,,2025
2025-04-19,토,한화,NC,대전,17000,0,????,,,2025
2025-04-19,토,삼성,롯데,대구,24000,0,????,,,2025
2025-04-20,일,두산,KIA,잠실,23750,0,????,,,2025
2025-04-20,일,키움,KT,고척,6859,0,????,,,2025
2025-04-20,일,SSG,LG,문학,23000,0,????,,,2025
2025-04-20,일,한화,NC,대전,17000,0,????,,,2025
2025-04-20,일,삼성,롯데,대구,24000,0,????,,,2025
2025-04-22,화,LG,NC,잠실,12941,0,????,,,2025
2025-04-22,화,키움,두산,고척,6809,0,????,,,2025
2025-04-22,화,KT,SSG,수원,5497,0,????,,,2025
2025-04-23,수,LG,NC,잠실,17828,0,????,,,2025
2025-04-23,수,키움,두산,고척,6801,0,????,,,2025
2025-04-23,수,KT,SSG,수원,7581,0,????,,,2025
2025-04-23,수,삼성,KIA,대구,22257,0,????,,,2025
2025-04-23,수,롯데,한화,사직,19376,0,????,,,2025
2025-04-24,목,LG,NC,잠실,19325,0,????,,,2025
2025-04-24,목,키움,두산,고척,7690,0,????,,,2025
2025-04-24,목,KT,SSG,수원,7815,0,????,,,2025
2025-04-24,목,삼성,KIA,대구,24000,0,????,,,2025
2025-04-24,목,롯데,한화,사직,22669,0,????,,,2025
2025-04-25,금,두산,롯데,잠실,23750,0,????,,,2025
2025-04-25,금,SSG,키움,문학,12140,0,????,,,2025
2025-04-25,금,한화,KT,대전,17000,0,????,,,2025
2025-04-25,금,삼성,NC,대구,24000,0,????,,,2025
2025-04-25,금,KIA,LG,광주,20500,0,????,,,2025
2025-04-26,토,두산,롯데,잠실,23750,0,????,,,2025
2025-04-26,토,SSG,키움,문학,18641,0,????,,,2025
2025-04-26,토,한화,KT,대전,17000,0,????,,,2025
2025-04-26,토,삼성,NC,대구,24000,0,????,,,2025
2025-04-26,토,KIA,LG,광주,20500,0,????,,,2025
2025-04-27,일,두산,롯데,잠실,23750,0,????,,,2025
2025-04-27,일,SSG,키움,문학,16422,0,????,,,2025
2025-04-27,일,한화,KT,대전,17000,0,????,,,2025
2025-04-27,일,삼성,NC,대구,24000,0,????,,,2025
2025-04-27,일,KIA,LG,광주,20500,0,????,,,2025
2025-04-29,화,두산,KT,잠실,14138,0,????,,,2025
2025-04-29,화,키움,롯데,고척,13203,0,????,,,2025
2025-04-29,화,SSG,삼성,문학,15481,0,????,,,2025
2025-04-29,화,한화,LG,대전,17000,0,????,,,2025
2025-04-29,화,KIA,NC,광주,10575,0,????,,,2025
2025-04-30,수,두산,KT,잠실,17158,0,????,,,2025
2025-04-30,수,키움,롯데,고척,14367,0,????,,,2025
2025-04-30,수,SSG,삼성,문학,18998,0,????,,,2025
2025-04-30,수,한화,LG,대전,17000,0,????,,,2025
2025-04-30,수,KIA,NC,광주,15139,0,????,,,2025
2025-05-01,목,두산,KT,잠실,19883,0,????,,,2025
2025-05-01,목,키움,롯데,고척,16000,0,????,,,2025
2025-05-01,목,SSG,삼성,문학,22993,0,????,,,2025
2025-05-02,금,LG,SSG,잠실,23750,0,????,,,2025
2025-05-02,금,KT,키움,수원,12275,0,????,,,2025
2025-05-02,금,삼성,두산,대구,24000,0,????,,,2025
2025-05-02,금,KIA,한화,광주,20500,0,????,,,2025
2025-05-02,금,롯데,NC,사직,22669,0,????,,,2025
2025-05-03,토,LG,SSG,잠실,23750,0,????,,,2025
2025-05-03,토,KT,키움,수원,15210,0,????,,,2025
2025-05-03,토,삼성,두산,대구,24000,0,????,,,2025
2025-05-03,토,롯데,NC,사직,22669,0,????,,,2025
2025-05-04,일,LG,SSG,잠실,23750,0,????,,,2025
2025-05-04,일,KT,키움,수원,15160,0,????,,,2025
2025-05-04,일,삼성,두산,대구,24000,0,????,,,2025
2025-05-04,일,KIA,한화,광주,20500,0,????,,,2025
2025-05-04,일,롯데,NC,사직,22669,0,????,,,2025
2025-05-05,월,두산,LG,잠실,23750,1,????,,,2025
2025-05-05,월,키움,KIA,고척,16000,1,????,,,2025
2025-05-05,월,KT,NC,수원,12015,1,????,,,2025
2025-05-05,월,한화,삼성,대전,17000,1,????,,,2025
2025-05-05,월,롯데,SSG,사직,22669,1,????,,,2025
2025-05-06,화,두산,LG,잠실,23750,1,????,,,2025
2025-05-06,화,키움,KIA,고척,16000,1,????,,,2025
2025-05-06,화,KT,NC,수원,9743,1,????,,,2025
2025-05-06,화,한화,삼성,대전,17000,1,????,,,2025
2025-05-06,화,롯데,SSG,사직,22669,1,????,,,2025
2025-05-07,수,두산,LG,잠실,23750,0,????,,,2025
2025-05-07,수,키움,KIA,고척,16000,0,????,,,2025
2025-05-07,수,KT,NC,수원,3598,0,????,,,2025
2025-05-07,수,한화,삼성,대전,17000,0,????,,,2025
2025-05-07,수,롯데,SSG,사직,22669,0,????,,,2025
2025-05-09,금,키움,한화,고척,16000,0,????,,,2025
2025-05-10,토,두산,NC,잠실,20206,0,????,,,2025
2025-05-10,토,키움,한화,고척,16000,0,????,,,2025
2025-05-10,토,SSG,KIA,문학,23000,0,????,,,2025
2025-05-10,토,KT,롯데,수원,18700,0,????,,,2025
2025-05-10,토,삼성,LG,대구,24000,0,????,,,2025
2025-05-10,토,삼성,LG,대구,24000,0,????,,,2025
2025-05-11,일,두산,NC,잠실,19366,0,????,,,2025
2025-05-11,일,두산,NC,잠실,9172,0,????,,,2025
2025-05-11,일,키움,한화,고척,16000,0,????,,,2025
2025-05-11,일,SSG,KIA,문학,23000,0,????,,,2025
2025-05-11,일,SSG,KIA,문학,23000,0,????,,,2025
2025-05-11,일,KT,롯데,수원,18700,0,????,,,2025
2025-05-11,일,KT,롯데,수원,14470,0,????,,,2025
2025-05-11,일,삼성,LG,대구,24000,0,????,,,2025
2025-05-13,화,LG,키움,잠실,18080,0,????,,,2025
2025-05-13,화,SSG,NC,문학,12746,0,????,,,2025
2025-05-13,화,한화,두산,대전,17000,0,????,,,2025
2025-05-13,화,KIA,롯데,광주,16824,0,????,,,2025
2025-05-13,화,삼성,KT,포항,10758,0,????,,,2025
2025-05-14,수,LG,키움,잠실,18286,0,????,,,2025
2025-05-14,수,SSG,NC,문학,11409,0,????,,,2025
2025-05-14,수,한화,두산,대전,17000,0,????,,,2025
2025-05-14,수,KIA,롯데,광주,18641,0,????,,,2025
2025-05-14,수,삼성,KT,포항,12120,0,????,,,2025
2025-05-15,목,LG,키움,잠실,18119,0,????,,,2025
2025-05-15,목,SSG,NC,문학,10081,0,????,,,2025
2025-05-15,목,한화,두산,대전,17000,0,????,,,2025
2025-05-15,목,KIA,롯데,광주,17452,0,????,,,2025
2025-05-15,목,삼성,KT,포항,12120,0,????,,,2025
2025-05-17,토,LG,KT,잠실,22963,0,????,,,2025
2025-05-17,토,LG,KT,잠실,17811,0,????,,,2025
2025-05-17,토,한화,SSG,대전,17000,0,????,,,2025
2025-05-17,토,한화,SSG,대전,17000,0,????,,,2025
2025-05-17,토,KIA,두산,광주,16854,0,????,,,2025
2025-05-17,토,KIA,두산,광주,20500,0,????,,,2025
2025-05-17,토,롯데,삼성,사직,22669,0,????,,,2025
2025-05-17,토,롯데,삼성,사직,22669,0,????,,,2025
2025-05-17,토,NC,키움,울산,2297,0,????,,,2025
2025-05-17,토,NC,키움,울산,5513,0,????,,,2025
2025-05-18,일,LG,KT,잠실,23029,0,????,,,2025
2025-05-18,일,한화,SSG,대전,17000,0,????,,,2025
2025-05-18,일,KIA,두산,광주,20500,0,????,,,2025
2025-05-18,일,롯데,삼성,사직,22669,0,????,,,2025
2025-05-18,일,NC,키움,울산,6456,0,????,,,2025
2025-05-20,화,두산,SSG,잠실,17782,0,????,,,2025
2025-05-20,화,키움,삼성,고척,13106,0,????,,,2025
2025-05-20,화,KT,KIA,수원,16064,0,????,,,2025
2025-05-20,화,롯데,LG,사직,22669,0,????,,,2025
2025-05-20,화,NC,한화,울산,4497,0,????,,,2025
2025-05-21,수,두산,SSG,잠실,14052,0,????,,,2025
2025-05-21,수,키움,삼성,고척,13193,0,????,,,2025
2025-05-21,수,KT,KIA,수원,16302,0,????,,,2025
2025-05-21,수,롯데,LG,사직,22669,0,????,,,2025
2025-05-21,수,NC,한화,울산,4183,0,????,,,2025
2025-05-22,목,두산,SSG,잠실,14592,0,????,,,2025
2025-05-22,목,키움,삼성,고척,12926,0,????,,,2025
2025-05-22,목,KT,KIA,수원,16705,0,????,,,2025
2025-05-22,목,롯데,LG,사직,22669,0,????,,,2025
2025-05-22,목,NC,한화,울산,5005,0,????,,,2025
2025-05-23,금,두산,NC,잠실,17944,0,????,,,2025
2025-05-23,금,키움,KT,고척,4239,0,????,,,2025
2025-05-23,금,SSG,LG,문학,20150,0,????,,,2025
2025-05-23,금,한화,롯데,대전,17000,0,????,,,2025
2025-05-23,금,삼성,KIA,대구,24000,0,????,,,2025
2025-05-24,토,두산,NC,잠실,22279,0,????,,,2025
2025-05-24,토,키움,KT,고척,7315,0,????,,,2025
2025-05-24,토,SSG,LG,문학,23000,0,????,,,2025
2025-05-24,토,한화,롯데,대전,17000,0,????,,,2025
2025-05-24,토,삼성,KIA,대구,24000,0,????,,,2025
2025-05-25,일,두산,NC,잠실,20534,0,????,,,2025
2025-05-25,일,키움,KT,고척,6809,0,????,,,2025
2025-05-25,일,SSG,LG,문학,23000,0,????,,,2025
2025-05-25,일,한화,롯데,대전,17000,0,????,,,2025
2025-05-25,일,삼성,KIA,대구,24000,0,????,,,2025
2025-05-27,화,LG,한화,잠실,23750,0,????,,,2025
2025-05-27,화,SSG,NC,문학,12124,0,????,,,2025
2025-05-27,화,KT,두산,수원,8355,0,????,,,2025
2025-05-27,화,삼성,롯데,대구,24000,0,????,,,2025
2025-05-27,화,KIA,키움,광주,15351,0,????,,,2025
2025-05-28,수,LG,한화,잠실,23750,0,????,,,2025
2025-05-28,수,SSG,NC,문학,12747,0,????,,,2025
2025-05-28,수,KT,두산,수원,8822,0,????,,,2025
2025-05-28,수,KIA,키움,광주,16517,0,????,,,2025
2025-05-29,목,LG,한화,잠실,23750,0,????,,,2025
2025-05-29,목,SSG,NC,문학,13466,0,????,,,2025
2025-05-29,목,KT,두산,수원,9238,0,????,,,2025
2025-05-29,목,삼성,롯데,대구,24000,0,????,,,2025
2025-05-29,목,KIA,키움,광주,18127,0,????,,,2025
2025-05-30,금,LG,삼성,잠실,23750,0,????,,,2025
2025-05-30,금,키움,두산,고척,9182,0,????,,,2025
2025-05-30,금,KT,KIA,수원,18700,0,????,,,2025
2025-05-30,금,롯데,SSG,사직,22669,0,????,,,2025
2025-05-30,금,NC,한화,창원,12395,0,????,,,2025
2025-05-31,토,LG,삼성,잠실,23750,0,????,,,2025
2025-05-31,토,키움,두산,고척,13456,0,????,,,2025
2025-05-31,토,KT,KIA,수원,18700,0,????,,,2025
2025-05-31,토,롯데,SSG,사직,22669,0,????,,,2025
2025-05-31,토,NC,한화,창원,16741,0,????,,,2025
2025-06-01,일,LG,삼성,잠실,23750,0,????,,,2025
2025-06-01,일,키움,두산,고척,12350,0,????,,,2025
2025-06-01,일,KT,KIA,수원,18700,0,????,,,2025
2025-06-01,일,롯데,SSG,사직,22669,0,????,,,2025
2025-06-01,일,NC,한화,창원,14906,0,????,,,2025
2025-06-03,화,두산,KIA,잠실,23750,1,????,,,2025
2025-06-03,화,SSG,삼성,문학,23000,1,????,,,2025
2025-06-03,화,한화,KT,대전,17000,1,????,,,2025
2025-06-03,화,롯데,키움,사직,22669,1,????,,,2025
2025-06-03,화,NC,LG,창원,13937,1,????,,,2025
2025-06-04,수,두산,KIA,잠실,23750,0,????,,,2025
2025-06-04,수,SSG,삼성,문학,15706,0,????,,,2025
2025-06-04,수,한화,KT,대전,17000,0,????,,,2025
2025-06-04,수,롯데,키움,사직,22669,0,????,,,2025
2025-06-04,수,NC,LG,창원,5235,0,????,,,2025
2025-06-05,목,두산,KIA,잠실,23750,0,????,,,2025
2025-06-05,목,SSG,삼성,문학,19273,0,????,,,2025
2025-06-05,목,한화,KT,대전,17000,0,????,,,2025
2025-06-05,목,롯데,키움,사직,22669,0,????,,,2025
2025-06-05,목,NC,LG,창원,8957,0,????,,,2025
2025-06-06,금,두산,롯데,잠실,23750,1,????,,,2025
2025-06-06,금,키움,LG,고척,16000,1,????,,,2025
2025-06-06,금,KT,SSG,수원,18700,1,????,,,2025
2025-06-06,금,삼성,NC,대구,24000,1,????,,,2025
2025-06-06,금,KIA,한화,광주,20500,1,????,,,2025
2025-06-07,토,두산,롯데,잠실,23750,0,????,,,2025
2025-06-07,토,키움,LG,고척,16000,0,????,,,2025
2025-06-07,토,KT,SSG,수원,16755,0,????,,,2025
2025-06-07,토,삼성,NC,대구,24000,0,????,,,2025
2025-06-07,토,KIA,한화,광주,20500,0,????,,,2025
2025-06-08,일,두산,롯데,잠실,23750,0,????,,,2025
2025-06-08,일,키움,LG,고척,16000,0,????,,,2025
2025-06-08,일,KT,SSG,수원,13026,0,????,,,2025
2025-06-08,일,삼성,NC,대구,24000,0,????,,,2025
2025-06-08,일,KIA,한화,광주,18586,0,????,,,2025
2025-06-10,화,LG,SSG,잠실,17221,0,????,,,2025
2025-06-10,화,키움,NC,고척,4004,0,????,,,2025
2025-06-10,화,KT,롯데,수원,10809,0,????,,,2025
2025-06-10,화,한화,두산,대전,16691,0,????,,,2025
2025-06-10,화,KIA,삼성,광주,15887,0,????,,,2025
2025-06-11,수,LG,SSG,잠실,18192,0,????,,,2025
2025-06-11,수,키움,NC,고척,4034,0,????,,,2025
2025-06-11,수,KT,롯데,수원,11777,0,????,,,2025
2025-06-11,수,한화,두산,대전,17000,0,????,,,2025
2025-06-11,수,KIA,삼성,광주,17320,0,????,,,2025
2025-06-12,목,LG,SSG,잠실,18321,0,????,,,2025
2025-06-12,목,키움,NC,고척,4410,0,????,,,2025
2025-06-12,목,KT,롯데,수원,12378,0,????,,,2025
2025-06-12,목,한화,두산,대전,17000,0,????,,,2025
2025-06-12,목,KIA,삼성,광주,16761,0,????,,,2025
2025-06-13,금,NC,KIA,창원,8362,0,????,,,2025
2025-06-14,토,두산,키움,잠실,18390,0,????,,,2025
2025-06-14,토,SSG,롯데,문학,23000,0,????,,,2025
2025-06-14,토,한화,LG,대전,17000,0,????,,,2025
2025-06-14,토,삼성,KT,대구,24000,0,????,,,2025
2025-06-14,토,NC,KIA,창원,15000,0,????,,,2025
2025-06-15,일,두산,키움,잠실,11744,0,????,,,2025
2025-06-15,일,SSG,롯데,문학,20960,0,????,,,2025
2025-06-15,일,한화,LG,대전,17000,0,????,,,2025
2025-06-15,일,삼성,KT,대구,24000,0,????,,,2025
2025-06-15,일,NC,KIA,창원,12470,0,????,,,2025
2025-06-17,화,LG,NC,잠실,15069,0,????,,,2025
2025-06-17,화,키움,SSG,고척,6205,0,????,,,2025
2025-06-17,화,삼성,두산,대구,23044,0,????,,,2025
2025-06-17,화,KIA,KT,광주,10596,0,????,,,2025
2025-06-17,화,롯데,한화,사직,22669,0,????,,,2025
2025-06-18,수,LG,NC,잠실,16103,0,????,,,2025
2025-06-18,수,키움,SSG,고척,6941,0,????,,,2025
2025-06-18,수,삼성,두산,대구,23385,0,????,,,2025
2025-06-18,수,KIA,KT,광주,16311,0,????,,,2025
2025-06-18,수,롯데,한화,사직,22669,0,????,,,2025
2025-06-19,목,LG,NC,잠실,15636,0,????,,,2025
2025-06-19,목,키움,SSG,고척,7032,0,????,,,2025
2025-06-19,목,삼성,두산,대구,23355,0,????,,,2025
2025-06-19,목,KIA,KT,광주,14079,0,????,,,2025
2025-06-19,목,롯데,한화,사직,22669,0,????,,,2025
2025-06-20,금,롯데,삼성,사직,21911,0,????,,,2025
2025-06-21,토,LG,두산,잠실,23750,0,????,,,2025
2025-06-21,토,SSG,KIA,문학,23000,0,????,,,2025
2025-06-21,토,KT,NC,수원,13680,0,????,,,2025
2025-06-22,일,LG,두산,잠실,23750,0,????,,,2025
2025-06-22,일,SSG,KIA,문학,23000,0,????,,,2025
2025-06-22,일,KT,NC,수원,12059,0,????,,,2025
2025-06-22,일,한화,키움,대전,17000,0,????,,,2025
2025-06-22,일,롯데,삼성,사직,22669,0,????,,,2025
2025-06-24,화,두산,SSG,잠실,12141,0,????,,,2025
2025-06-24,화,키움,KIA,고척,16000,0,????,,,2025
2025-06-24,화,KT,LG,수원,9335,0,????,,,2025
2025-06-25,수,키움,KIA,고척,16000,0,????,,,2025
2025-06-25,수,삼성,한화,대구,24000,0,????,,,2025
2025-06-25,수,NC,롯데,창원,15587,0,????,,,2025
2025-06-26,목,두산,SSG,잠실,13553,0,????,,,2025
2025-06-26,목,키움,KIA,고척,16000,0,????,,,2025
2025-06-26,목,KT,LG,수원,13365,0,????,,,2025
2025-06-26,목,삼성,한화,대구,24000,0,????,,,2025
2025-06-26,목,NC,롯데,창원,16335,0,????,,,2025
2025-06-27,금,LG,KIA,잠실,23750,0,????,,,2025
2025-06-27,금,키움,삼성,고척,16000,0,????,,,2025
2025-06-27,금,SSG,한화,문학,23000,0,????,,,2025
2025-06-27,금,롯데,KT,사직,22669,0,????,,,2025
2025-06-27,금,NC,두산,창원,8025,0,????,,,2025
2025-06-28,토,LG,KIA,잠실,23750,0,????,,,2025
2025-06-28,토,키움,삼성,고척,16000,0,????,,,2025
2025-06-28,토,SSG,한화,문학,23183,0,????,,,2025
2025-06-28,토,롯데,KT,사직,22669,0,????,,,2025
2025-06-28,토,NC,두산,창원,12961,0,????,,,2025
2025-06-29,일,LG,KIA,잠실,23750,0,????,,,2025
2025-06-29,일,키움,삼성,고척,16000,0,????,,,2025
2025-06-29,일,SSG,한화,문학,23000,0,????,,,2025
2025-06-29,일,롯데,KT,사직,22669,0,????,,,2025
2025-06-29,일,NC,두산,창원,9894,0,????,,,2025
2025-07-01,화,두산,삼성,잠실,18022,0,????,,,2025
2025-07-01,화,KT,키움,수원,5616,0,????,,,2025
2025-07-01,화,한화,NC,대전,17000,0,????,,,2025
2025-07-01,화,KIA,SSG,광주,11782,0,????,,,2025
2025-07-01,화,롯데,LG,사직,19627,0,????,,,2025
2025-07-02,수,두산,삼성,잠실,20448,0,????,,,2025
2025-07-02,수,KT,키움,수원,6787,0,????,,,2025
2025-07-02,수,한화,NC,대전,17000,0,????,,,2025
2025-07-02,수,KIA,SSG,광주,11827,0,????,,,2025
2025-07-02,수,롯데,LG,사직,20661,0,????,,,2025
2025-07-03,목,두산,삼성,잠실,21525,0,????,,,2025
2025-07-03,목,KT,키움,수원,8540,0,????,,,2025
2025-07-03,목,한화,NC,대전,17000,0,????,,,2025
2025-07-03,목,KIA,SSG,광주,13013,0,????,,,2025
2025-07-03,목,롯데,LG,사직,21914,0,????,,,2025
2025-07-04,금,두산,KT,잠실,16101,0,????,,,2025
2025-07-04,금,키움,한화,고척,16000,0,????,,,2025
2025-07-04,금,삼성,LG,대구,24000,0,????,,,2025
2025-07-04,금,KIA,롯데,광주,20500,0,????,,,2025
2025-07-04,금,NC,SSG,창원,11147,0,????,,,2025
2025-07-05,토,두산,KT,잠실,19774,0,????,,,2025
2025-07-05,토,키움,한화,고척,16000,0,????,,,2025
2025-07-05,토,삼성,LG,대구,24000,0,????,,,2025
2025-07-05,토,KIA,롯데,광주,20500,0,????,,,2025
2025-07-05,토,NC,SSG,창원,12028,0,????,,,2025
2025-07-06,일,두산,KT,잠실,23750,0,????,,,2025
2025-07-06,일,키움,한화,고척,16000,0,????,,,2025
2025-07-06,일,삼성,LG,대구,24000,0,????,,,2025
2025-07-06,일,KIA,롯데,광주,20500,0,????,,,2025
2025-07-06,일,NC,SSG,창원,7726,0,????,,,2025
2025-07-08,화,LG,키움,잠실,16098,0,????,,,2025
2025-07-08,화,SSG,KT,문학,10812,0,????,,,2025
2025-07-08,화,한화,KIA,대전,17000,0,????,,,2025
2025-07-08,화,롯데,두산,사직,18541,0,????,,,2025
2025-07-08,화,NC,삼성,창원,8294,0,????,,,2025
2025-07-09,수,LG,키움,잠실,16400,0,????,,,2025
2025-07-09,수,SSG,KT,문학,10259,0,????,,,2025
2025-07-09,수,한화,KIA,대전,17000,0,????,,,2025
2025-07-09,수,롯데,두산,사직,19071,0,????,,,2025
2025-07-09,수,NC,삼성,창원,9220,0,????,,,2025
2025-07-10,목,LG,키움,잠실,16628,0,????,,,2025
2025-07-10,목,SSG,KT,문학,10817,0,????,,,2025
2025-07-10,목,한화,KIA,대전,17000,0,????,,,2025
2025-07-10,목,롯데,두산,사직,21199,0,????,,,2025
2025-07-10,목,NC,삼성,창원,10106,0,????,,,2025
2025-07-18,금,LG,롯데,잠실,23750,0,????,,,2025
2025-07-18,금,KT,한화,수원,18700,0,????,,,2025
2025-07-19,토,LG,롯데,잠실,23750,0,????,,,2025
2025-07-19,토,SSG,두산,문학,19877,0,????,,,2025
2025-07-19,토,KT,한화,수원,18700,0,????,,,2025
2025-07-20,일,LG,롯데,잠실,23750,0,????,,,2025
2025-07-20,일,SSG,두산,문학,18102,0,????,,,2025
2025-07-20,일,KT,한화,수원,18700,0,????,,,2025
2025-07-20,일,삼성,키움,대구,24000,0,????,,,2025
2025-07-20,일,KIA,NC,광주,16985,0,????,,,2025
2025-07-22,화,두산,한화,잠실,23750,0,????,,,2025
2025-07-22,화,키움,롯데,고척,15362,0,????,,,2025
2025-07-22,화,삼성,SSG,대구,22896,0,????,,,2025
2025-07-22,화,KIA,LG,광주,12468,0,????,,,2025
2025-07-22,화,NC,KT,창원,6302,0,????,,,2025
2025-07-23,수,두산,한화,잠실,23750,0,????,,,2025
2025-07-23,수,키움,롯데,고척,15325,0,????,,,2025
2025-07-23,수,삼성,SSG,대구,23304,0,????,,,2025
2025-07-23,수,KIA,LG,광주,12172,0,????,,,2025
2025-07-23,수,NC,KT,창원,6375,0,????,,,2025
2025-07-24,목,두산,한화,잠실,23750,0,????,,,2025
2025-07-24,목,키움,롯데,고척,15216,0,????,,,2025
2025-07-24,목,삼성,SSG,대구,24000,0,????,,,2025
2025-07-24,목,KIA,LG,광주,12364,0,????,,,2025
2025-07-24,목,NC,KT,창원,5157,0,????,,,2025
2025-07-25,금,두산,LG,잠실,20007,0,????,,,2025
2025-07-25,금,KT,삼성,수원,18700,0,????,,,2025
2025-07-25,금,한화,SSG,대전,17000,0,????,,,2025
2025-07-25,금,롯데,KIA,사직,22669,0,????,,,2025
2025-07-25,금,NC,키움,창원,6171,0,????,,,2025
2025-07-26,토,두산,LG,잠실,23750,0,????,,,2025
2025-07-26,토,KT,삼성,수원,18700,0,????,,,2025
2025-07-26,토,한화,SSG,대전,17000,0,????,,,2025
2025-07-26,토,롯데,KIA,사직,22669,0,????,,,2025
2025-07-26,토,NC,키움,창원,10690,0,????,,,2025
2025-07-27,일,두산,LG,잠실,20780,0,????,,,2025
2025-07-27,일,KT,삼성,수원,18700,0,????,,,2025
2025-07-27,일,한화,SSG,대전,17000,0,????,,,2025
2025-07-27,일,롯데,KIA,사직,22669,0,????,,,2025
2025-07-27,일,NC,키움,창원,8115,0,????,,,2025
2025-07-29,화,LG,KT,잠실,17294,0,????,,,2025
2025-07-29,화,SSG,키움,문학,10177,0,????,,,2025
2025-07-29,화,한화,삼성,대전,17000,0,????,,,2025
2025-07-29,화,KIA,두산,광주,14329,0,????,,,2025
2025-07-29,화,롯데,NC,사직,22669,0,????,,,2025
2025-07-30,수,LG,KT,잠실,17782,0,????,,,2025
2025-07-30,수,SSG,키움,문학,10514,0,????,,,2025
2025-07-30,수,한화,삼성,대전,17000,0,????,,,2025
2025-07-30,수,KIA,두산,광주,15391,0,????,,,2025
2025-07-30,수,롯데,NC,사직,22669,0,????,,,2025
2025-07-31,목,LG,KT,잠실,17630,0,????,,,2025
2025-07-31,목,SSG,키움,문학,10917,0,????,,,2025
2025-07-31,목,한화,삼성,대전,17000,0,????,,,2025
2025-07-31,목,KIA,두산,광주,15584,0,????,,,2025
2025-07-31,목,롯데,NC,사직,22669,0,????,,,2025
2025-08-01,금,두산,SSG,잠실,15073,0,????,,,2025
2025-08-01,금,키움,롯데,고척,16000,0,????,,,2025
2025-08-01,금,삼성,LG,대구,24000,0,????,,,2025
2025-08-01,금,KIA,한화,광주,20500,0,????,,,2025
2025-08-01,금,NC,KT,창원,7590,0,????,,,2025
2025-08-02,토,두산,SSG,잠실,17278,0,????,,,2025
2025-08-02,토,키움,롯데,고척,16000,0,????,,,2025
2025-08-02,토,삼성,LG,대구,24000,0,????,,,2025
2025-08-02,토,NC,KT,창원,9940,0,????,,,2025
2025-08-03,일,두산,SSG,잠실,14422,0,????,,,2025
2025-08-03,일,키움,롯데,고척,16000,0,????,,,2025
2025-08-03,일,삼성,LG,대구,24000,0,????,,,2025
2025-08-03,일,NC,KT,창원,7561,0,????,,,2025
2025-08-05,화,LG,두산,잠실,20239,0,????,,,2025
2025-08-05,화,SSG,삼성,문학,13850,0,????,,,2025
2025-08-05,화,한화,KT,대전,16783,0,????,,,2025
2025-08-05,화,롯데,KIA,사직,22669,0,????,,,2025
2025-08-05,화,NC,키움,창원,6661,0,????,,,2025
2025-08-06,수,LG,두산,잠실,20427,0,????,,,2025
2025-08-06,수,SSG,삼성,문학,12003,0,????,,,2025
2025-08-06,수,한화,KT,대전,13919,0,????,,,2025
2025-08-06,수,롯데,KIA,사직,20944,0,????,,,2025
2025-08-06,수,NC,키움,창원,5776,0,????,,,2025
2025-08-07,목,LG,두산,잠실,21392,0,????,,,2025
2025-08-07,목,SSG,삼성,문학,15174,0,????,,,2025
2025-08-07,목,한화,KT,대전,17000,0,????,,,2025
2025-08-07,목,롯데,KIA,사직,22104,0,????,,,2025
2025-08-07,목,NC,키움,창원,5893,0,????,,,2025
2025-08-08,금,LG,한화,잠실,23750,0,????,,,2025
2025-08-08,금,키움,두산,고척,12841,0,????,,,2025
2025-08-08,금,KT,삼성,수원,18700,0,????,,,2025
2025-08-08,금,롯데,SSG,사직,20091,0,????,,,2025
2025-08-08,금,NC,KIA,창원,12141,0,????,,,2025
2025-08-09,토,LG,한화,잠실,23750,0,????,,,2025
2025-08-09,토,키움,두산,고척,16000,0,????,,,2025
2025-08-09,토,KT,삼성,수원,18700,0,????,,,2025
2025-08-10,일,LG,한화,잠실,23750,0,????,,,2025
2025-08-10,일,키움,두산,고척,15111,0,????,,,2025
2025-08-10,일,KT,삼성,수원,18700,0,????,,,2025
2025-08-10,일,롯데,SSG,사직,22062,0,????,,,2025
2025-08-10,일,NC,KIA,창원,10773,0,????,,,2025
2025-08-12,화,두산,NC,잠실,11590,0,????,,,2025
2025-08-12,화,SSG,키움,문학,10091,0,????,,,2025
2025-08-12,화,KT,LG,수원,14407,0,????,,,2025
2025-08-12,화,한화,롯데,대전,17000,0,????,,,2025
2025-08-12,화,삼성,KIA,대구,22522,0,????,,,2025
2025-08-13,수,한화,롯데,대전,17000,0,????,,,2025
2025-08-13,수,삼성,KIA,대구,24000,0,????,,,2025
2025-08-14,목,두산,NC,잠실,10938,0,????,,,2025
2025-08-14,목,SSG,키움,문학,9461,0,????,,,2025
2025-08-14,목,한화,롯데,대전,17000,0,????,,,2025
2025-08-14,목,삼성,KIA,대구,24000,0,????,,,2025
2025-08-15,금,두산,KIA,잠실,23750,1,????,,,2025
2025-08-15,금,키움,KT,고척,11585,1,????,,,2025
2025-08-15,금,SSG,LG,문학,23000,1,????,,,2025
2025-08-15,금,롯데,삼성,사직,22669,1,????,,,2025
2025-08-15,금,NC,한화,창원,17983,1,????,,,2025
2025-08-16,토,두산,KIA,잠실,23750,0,????,,,2025
2025-08-16,토,키움,KT,고척,10163,0,????,,,2025
2025-08-16,토,SSG,LG,문학,23000,0,????,,,2025
2025-08-16,토,롯데,삼성,사직,22669,0,????,,,2025
2025-08-16,토,NC,한화,창원,17983,0,????,,,2025
2025-08-17,일,두산,KIA,잠실,23750,0,????,,,2025
2025-08-17,일,키움,KT,고척,8838,0,????,,,2025
2025-08-17,일,SSG,LG,문학,23000,0,????,,,2025
2025-08-17,일,롯데,삼성,사직,22669,0,????,,,2025
2025-08-17,일,NC,한화,창원,12179,0,????,,,2025
2025-08-19,화,LG,롯데,잠실,23750,0,????,,,2025
2025-08-19,화,KT,SSG,수원,8853,0,????,,,2025
2025-08-19,화,한화,두산,대전,16580,0,????,,,2025
2025-08-19,화,KIA,키움,광주,11023,0,????,,,2025
2025-08-19,화,NC,삼성,창원,8343,0,????,,,2025
2025-08-20,수,LG,롯데,잠실,23750,0,????,,,2025
2025-08-20,수,KT,SSG,수원,9062,0,????,,,2025
2025-08-20,수,한화,두산,대전,16054,0,????,,,2025
2025-08-20,수,KIA,키움,광주,10503,0,????,,,2025
2025-08-20,수,NC,삼성,창원,9430,0,????,,,2025
2025-08-21,목,LG,롯데,잠실,23750,0,????,,,2025
2025-08-21,목,KT,SSG,수원,9912,0,????,,,2025
2025-08-21,목,한화,두산,대전,16369,0,????,,,2025
2025-08-21,목,KIA,키움,광주,10061,0,????,,,2025
2025-08-21,목,NC,삼성,창원,9832,0,????,,,2025
2025-08-22,금,두산,KT,잠실,16397,0,????,,,2025
2025-08-22,금,한화,SSG,대전,16446,0,????,,,2025
2025-08-22,금,삼성,키움,대구,24000,0,????,,,2025
2025-08-22,금,KIA,LG,광주,14633,0,????,,,2025
2025-08-22,금,NC,롯데,창원,17983,0,????,,,2025
2025-08-23,토,두산,KT,잠실,21834,0,????,,,2025
2025-08-23,토,한화,SSG,대전,17000,0,????,,,2025
2025-08-23,토,삼성,키움,대구,24000,0,????,,,2025
2025-08-23,토,KIA,LG,광주,20500,0,????,,,2025
2025-08-23,토,NC,롯데,창원,17983,0,????,,,2025
2025-08-24,일,두산,KT,잠실,17905,0,????,,,2025
2025-08-24,일,한화,SSG,대전,17000,0,????,,,2025
2025-08-24,일,삼성,키움,대구,24000,0,????,,,2025
2025-08-24,일,KIA,LG,광주,15128,0,????,,,2025
2025-08-24,일,NC,롯데,창원,17983,0,????,,,2025
2025-08-26,화,두산,삼성,잠실,20491,0,????,,,2025
2025-08-26,화,키움,한화,고척,16000,0,????,,,2025
2025-08-26,화,SSG,KIA,문학,17488,0,????,,,2025
2025-08-26,화,롯데,KT,사직,16116,0,????,,,2025
2025-08-26,화,NC,LG,창원,6496,0,????,,,2025
2025-08-27,수,두산,삼성,잠실,21198,0,????,,,2025
2025-08-27,수,키움,한화,고척,16000,0,????,,,2025
2025-08-27,수,SSG,KIA,문학,17688,0,????,,,2025
2025-08-27,수,롯데,KT,사직,16826,0,????,,,2025
2025-08-27,수,NC,LG,창원,8337,0,????,,,2025
2025-08-28,목,두산,삼성,잠실,23126,0,????,,,2025
2025-08-28,목,키움,한화,고척,16000,0,????,,,2025
2025-08-28,목,SSG,KIA,문학,17833,0,????,,,2025
2025-08-28,목,롯데,KT,사직,17273,0,????,,,2025
2025-08-28,목,NC,LG,창원,9528,0,????,,,2025
2025-08-29,금,LG,키움,잠실,22231,0,????,,,2025
2025-08-29,금,SSG,NC,문학,11509,0,????,,,2025
2025-08-29,금,KT,KIA,수원,18700,0,????,,,2025
2025-08-29,금,한화,삼성,대전,17000,0,????,,,2025
2025-08-29,금,롯데,두산,사직,19473,0,????,,,2025
2025-08-30,토,LG,키움,잠실,23750,0,????,,,2025
2025-08-30,토,SSG,NC,문학,20449,0,????,,,2025
2025-08-30,토,KT,KIA,수원,18700,0,????,,,2025
2025-08-30,토,한화,삼성,대전,17000,0,????,,,2025
2025-08-30,토,롯데,두산,사직,22669,0,????,,,2025
2025-08-31,일,LG,키움,잠실,22503,0,????,,,2025
2025-08-31,일,SSG,NC,문학,13129,0,????,,,2025
2025-08-31,일,KT,KIA,수원,18700,0,????,,,2025
2025-08-31,일,한화,삼성,대전,17000,0,????,,,2025
2025-08-31,일,롯데,두산,사직,20350,0,????,,,2025
2025-09-02,화,LG,롯데,잠실,23750,0,????,,,2025
2025-09-02,화,SSG,키움,문학,11112,0,????,,,2025
2025-09-02,화,KT,NC,수원,6710,0,????,,,2025
2025-09-02,화,한화,KIA,대전,16730,0,????,,,2025
2025-09-03,수,KT,롯데,수원,14910,0,????,,,2025
2025-09-03,수,한화,NC,대전,17000,0,????,,,2025
2025-09-03,수,삼성,키움,대구,22446,0,????,,,2025
2025-09-03,수,KIA,SSG,광주,14468,0,????,,,2025
2025-09-04,목,KT,LG,수원,12424,0,????,,,2025
2025-09-04,목,NC,두산,창원,5335,0,????,,,2025
2025-09-05,금,SSG,롯데,문학,21529,0,????,,,2025
2025-09-05,금,삼성,키움,대구,24000,0,????,,,2025
2025-09-05,금,NC,두산,창원,6590,0,????,,,2025
2025-09-06,토,삼성,한화,대구,24000,0,????,,,2025
2025-09-06,토,NC,KIA,창원,15040,0,????,,,2025
2025-09-07,일,LG,SSG,잠실,23750,0,????,,,2025
2025-09-07,일,삼성,한화,대구,24000,0,????,,,2025
2025-09-07,일,NC,KIA,창원,11095,0,????,,,2025
2025-09-09,화,키움,LG,고척,14773,0,????,,,2025
2025-09-09,화,KT,두산,수원,12252,0,????,,,2025
2025-09-09,화,롯데,한화,사직,18109,0,????,,,2025
2025-09-10,수,두산,LG,잠실,17856,0,????,,,2025
2025-09-10,수,KIA,삼성,광주,9793,0,????,,,2025
2025-09-10,수,롯데,한화,사직,22011,0,????,,,2025
2025-09-10,수,NC,SSG,창원,4514,0,????,,,2025
2025-09-11,목,LG,KT,잠실,20722,0,????,,,2025
2025-09-11,목,키움,NC,고척,7035,0,????,,,2025
2025-09-11,목,삼성,SSG,대구,24000,0,????,,,2025
2025-09-11,목,KIA,롯데,광주,9614,0,????,,,2025
2025-09-12,금,KIA,두산,광주,9617,0,????,,,2025
2025-09-13,토,LG,KIA,잠실,23750,0,????,,,2025
2025-09-13,토,한화,키움,대전,17000,0,????,,,2025
2025-09-13,토,삼성,KT,대구,24000,0,????,,,2025
2025-09-13,토,롯데,SSG,사직,22669,0,????,,,2025
2025-09-13,토,NC,두산,창원,12658,0,????,,,2025
2025-09-14,일,LG,KIA,잠실,23750,0,????,,,2025
2025-09-14,일,한화,키움,대전,17000,0,????,,,2025
2025-09-14,일,삼성,KT,대구,24000,0,????,,,2025
2025-09-14,일,NC,두산,창원,11711,0,????,,,2025
2025-09-15,월,한화,키움,대전,17000,0,????,,,2025
2025-09-16,화,두산,키움,잠실,12716,0,????,,,2025
2025-09-16,화,KT,LG,수원,11481,0,????,,,2025
2025-09-16,화,삼성,롯데,대구,24000,0,????,,,2025
2025-09-16,화,KIA,한화,광주,9197,0,????,,,2025
2025-09-16,화,NC,SSG,창원,5145,0,????,,,2025
2025-09-17,수,두산,키움,잠실,10037,0,????,,,2025
2025-09-17,수,KIA,한화,광주,6782,0,????,,,2025
2025-09-17,수,NC,SSG,창원,5083,0,????,,,2025
2025-09-18,목,두산,키움,잠실,13498,0,????,,,2025
2025-09-18,목,KT,LG,수원,7016,0,????,,,2025
2025-09-18,목,KT,LG,수원,14875,0,????,,,2025
2025-09-18,목,KIA,한화,광주,10841,0,????,,,2025
2025-09-18,목,NC,삼성,창원,12039,0,????,,,2025
2025-09-19,금,NC,롯데,창원,17983,0,????,,,2025
2025-09-20,토,LG,삼성,잠실,23750,0,????,,,2025
2025-09-20,토,SSG,두산,문학,23000,0,????,,,2025
2025-09-20,토,KT,한화,수원,18700,0,????,,,2025
2025-09-20,토,KIA,NC,광주,17739,0,????,,,2025
2025-09-20,토,롯데,키움,사직,22669,0,????,,,2025
2025-09-21,일,SSG,두산,문학,23000,0,????,,,2025
2025-09-21,일,KT,삼성,수원,18700,0,????,,,2025
2025-09-21,일,KIA,NC,광주,13805,0,????,,,2025
2025-09-22,월,SSG,두산,문학,13067,0,????,,,2025
2025-09-23,화,SSG,KIA,문학,19974,0,????,,,2025
2025-09-23,화,KT,키움,수원,12632,0,????,,,2025
2025-09-23,화,삼성,두산,대구,23950,0,????,,,2025
2025-09-23,화,롯데,NC,울산,9690,0,????,,,2025
2025-09-24,수,키움,KIA,고척,16000,0,????,,,2025
2025-09-24,수,삼성,롯데,대구,23940,0,????,,,2025
2025-09-24,수,NC,LG,창원,10764,0,????,,,2025
2025-09-25,목,두산,한화,잠실,23750,0,????,,,2025
2025-09-25,목,SSG,KT,문학,15279,0,????,,,2025
2025-09-25,목,삼성,키움,대구,23089,0,????,,,2025
2025-09-25,목,롯데,LG,울산,9315,0,????,,,2025
2025-09-26,금,두산,NC,잠실,18418,0,????,,,2025
2025-09-26,금,SSG,KT,문학,19087,0,????,,,2025
2025-09-26,금,한화,LG,대전,17000,0,????,,,2025
2025-09-26,금,롯데,삼성,사직,22669,0,????,,,2025
2025-09-27,토,두산,SSG,잠실,23750,0,????,,,2025
2025-09-27,토,한화,LG,대전,17000,0,????,,,2025
2025-09-27,토,KIA,NC,광주,14945,0,????,,,2025
2025-09-28,일,두산,롯데,잠실,23750,0,????,,,2025
2025-09-28,일,키움,삼성,고척,16000,0,????,,,2025
2025-09-29,월,SSG,롯데,문학,22184,0,????,,,2025
2025-09-29,월,한화,LG,대전,17000,0,????,,,2025
2025-09-29,월,KIA,NC,광주,3634,0,????,,,2025
2025-09-30,화,LG,두산,잠실,23750,0,????,,,2025
2025-09-30,화,키움,SSG,고척,16000,0,????,,,2025
2025-09-30,화,한화,롯데,대전,17000,0,????,,,2025
2025-09-30,화,삼성,KIA,대구,23933,0,????,,,2025
2025-09-30,화,NC,KT,창원,14235,0,????,,,2025
2025-10-01,수,LG,NC,잠실,23750,0,????,,,2025
2025-10-01,수,SSG,한화,문학,23000,0,????,,,2025
2025-10-01,수,KIA,KT,광주,6777,0,????,,,2025
2025-10-02,목,KIA,SSG,광주,8043,0,????,,,2025
2025-10-03,금,KT,한화,수원,18700,1,????,,,2025
2025-10-04,토,KIA,삼성,광주,17513,0,????,,,2025
2025-10-04,토,NC,SSG,창원,17983,0,????,,,2025
2026-03-28,토,LG,KT,잠실,23750,0,????,,,2026
2026-03-28,토,SSG,KIA,문학,23000,0,????,,,2026
2026-03-28,토,한화,키움,대전,17000,0,????,,,2026
2026-03-28,토,삼성,롯데,대구,24000,0,????,,,2026
2026-03-28,토,NC,두산,창원,18128,0,????,,,2026
2026-03-29,일,LG,KT,잠실,23750,0,????,,,2026
2026-03-29,일,SSG,KIA,문학,23000,0,????,,,2026
2026-03-29,일,한화,키움,대전,17000,0,????,,,2026
2026-03-29,일,삼성,롯데,대구,24000,0,????,,,2026
2026-03-29,일,NC,두산,창원,18128,0,????,,,2026
2026-03-31,화,LG,KIA,잠실,23750,0,????,,,2026
2026-03-31,화,SSG,키움,문학,11385,0,????,,,2026
2026-03-31,화,한화,KT,대전,17000,0,????,,,2026
2026-03-31,화,삼성,두산,대구,21489,0,????,,,2026
2026-03-31,화,NC,롯데,창원,12730,0,????,,,2026
2026-04-01,수,LG,KIA,잠실,23750,0,????,,,2026
2026-04-01,수,SSG,키움,문학,12921,0,????,,,2026
2026-04-01,수,한화,KT,대전,17000,0,????,,,2026
2026-04-01,수,삼성,두산,대구,23120,0,????,,,2026
2026-04-01,수,NC,롯데,창원,11875,0,????,,,2026
2026-04-02,목,LG,KIA,잠실,23750,0,????,,,2026
2026-04-02,목,SSG,키움,문학,11314,0,????,,,2026
2026-04-02,목,한화,KT,대전,17000,0,????,,,2026
2026-04-02,목,삼성,두산,대구,23617,0,????,,,2026
2026-04-02,목,NC,롯데,창원,13176,0,????,,,2026
2026-04-03,금,두산,한화,잠실,23750,0,????,,,2026
2026-04-03,금,키움,LG,고척,14150,0,????,,,2026
2026-04-03,금,KT,삼성,수원,18700,0,????,,,2026
2026-04-03,금,KIA,NC,광주,20500,0,????,,,2026
2026-04-03,금,롯데,SSG,사직,23200,0,????,,,2026
2026-04-04,토,두산,한화,잠실,23750,0,????,,,2026
2026-04-04,토,키움,LG,고척,16000,0,????,,,2026
2026-04-04,토,KT,삼성,수원,18700,0,????,,,2026
2026-04-04,토,KIA,NC,광주,20500,0,????,,,2026
2026-04-04,토,롯데,SSG,사직,23200,0,????,,,2026
2026-04-05,일,두산,한화,잠실,23750,0,????,,,2026
2026-04-05,일,키움,LG,고척,15331,0,????,,,2026
2026-04-05,일,KT,삼성,수원,18700,0,????,,,2026
2026-04-05,일,KIA,NC,광주,20500,0,????,,,2026
2026-04-05,일,롯데,SSG,사직,23200,0,????,,,2026
2026-04-07,화,두산,키움,잠실,14435,0,????,,,2026
2026-04-07,화,SSG,한화,문학,18637,0,????,,,2026
2026-04-07,화,KIA,삼성,광주,12675,0,????,,,2026
2026-04-07,화,롯데,KT,사직,15611,0,????,,,2026
2026-04-07,화,NC,LG,창원,6855,0,????,,,2026
2026-04-08,수,두산,키움,잠실,15461,0,????,,,2026
2026-04-08,수,SSG,한화,문학,19836,0,????,,,2026
2026-04-08,수,KIA,삼성,광주,12672,0,????,,,2026
2026-04-08,수,롯데,KT,사직,16080,0,????,,,2026
2026-04-08,수,NC,LG,창원,8180,0,????,,,2026
2026-04-10,금,LG,SSG,잠실,23122,0,????,,,2026
2026-04-10,금,키움,롯데,고척,16000,0,????,,,2026
2026-04-10,금,KT,두산,수원,11337,0,????,,,2026
2026-04-10,금,한화,KIA,대전,17000,0,????,,,2026
2026-04-10,금,삼성,NC,대구,24000,0,????,,,2026
2026-04-11,토,LG,SSG,잠실,23750,0,????,,,2026
2026-04-11,토,키움,롯데,고척,16000,0,????,,,2026
2026-04-11,토,KT,두산,수원,18700,0,????,,,2026
2026-04-11,토,한화,KIA,대전,17000,0,????,,,2026
2026-04-11,토,삼성,NC,대구,24000,0,????,,,2026
2026-04-12,일,LG,SSG,잠실,23750,0,????,,,2026
2026-04-12,일,키움,롯데,고척,16000,0,????,,,2026
2026-04-12,일,KT,두산,수원,16488,0,????,,,2026
2026-04-12,일,한화,KIA,대전,17000,0,????,,,2026
2026-04-12,일,삼성,NC,대구,24000,0,????,,,2026
2026-04-14,화,LG,롯데,잠실,23750,0,????,,,2026
2026-04-14,화,SSG,두산,문학,12752,0,????,,,2026
2026-04-14,화,한화,삼성,대전,17000,0,????,,,2026
2026-04-14,화,KIA,키움,광주,9930,0,????,,,2026
2026-04-14,화,NC,KT,창원,4730,0,????,,,2026
2026-04-15,수,LG,롯데,잠실,,0,????,,,2026
2026-04-15,수,SSG,두산,문학,,0,????,,,2026
2026-04-15,수,한화,삼성,대전,,0,????,,,2026
2026-04-15,수,KIA,키움,광주,,0,????,,,2026
2026-04-15,수,NC,KT,창원,,0,????,,,2026
2026-04-16,목,LG,롯데,잠실,,0,????,,,2026
2026-04-16,목,SSG,두산,문학,,0,????,,,2026
2026-04-16,목,한화,삼성,대전,,0,????,,,2026
2026-04-16,목,KIA,키움,광주,,0,????,,,2026
2026-04-16,목,NC,KT,창원,,0,????,,,2026
2026-04-17,금,두산,KIA,잠실,,0,????,,,2026
2026-04-17,금,KT,키움,수원,,0,????,,,2026
2026-04-17,금,삼성,LG,대구,,0,????,,,2026
2026-04-17,금,롯데,한화,사직,,0,????,,,2026
2026-04-17,금,NC,SSG,창원,,0,????,,,2026
2026-04-18,토,두산,KIA,잠실,,0,????,,,2026
2026-04-18,토,KT,키움,수원,,0,????,,,2026
2026-04-18,토,삼성,LG,대구,,0,????,,,2026
2026-04-18,토,롯데,한화,사직,,0,????,,,2026
2026-04-18,토,NC,SSG,창원,,0,????,,,2026
2026-04-19,일,두산,KIA,잠실,,0,????,,,2026
2026-04-19,일,KT,키움,수원,,0,????,,,2026
2026-04-19,일,삼성,LG,대구,,0,????,,,2026
2026-04-19,일,롯데,한화,사직,,0,????,,,2026
2026-04-19,일,NC,SSG,창원,,0,????,,,2026
2026-04-21,화,LG,한화,잠실,,0,????,,,2026
2026-04-21,화,키움,NC,고척,,0,????,,,2026
2026-04-21,화,KT,KIA,수원,,0,????,,,2026
2026-04-21,화,삼성,SSG,대구,,0,????,,,2026
2026-04-21,화,롯데,두산,사직,,0,????,,,2026
2026-04-22,수,LG,한화,잠실,,0,????,,,2026
2026-04-22,수,키움,NC,고척,,0,????,,,2026
2026-04-22,수,KT,KIA,수원,,0,????,,,2026
2026-04-22,수,삼성,SSG,대구,,0,????,,,2026
2026-04-22,수,롯데,두산,사직,,0,????,,,2026
2026-04-23,목,LG,한화,잠실,,0,????,,,2026
2026-04-23,목,키움,NC,고척,,0,????,,,2026
2026-04-23,목,KT,KIA,수원,,0,????,,,2026
2026-04-23,목,삼성,SSG,대구,,0,????,,,2026
2026-04-23,목,롯데,두산,사직,,0,????,,,2026
2026-04-24,금,두산,LG,잠실,,0,????,,,2026
2026-04-24,금,키움,삼성,고척,,0,????,,,2026
2026-04-24,금,SSG,KT,문학,,0,????,,,2026
2026-04-24,금,한화,NC,대전,,0,????,,,2026
2026-04-24,금,KIA,롯데,광주,,0,????,,,2026
2026-04-25,토,두산,LG,잠실,,0,????,,,2026
2026-04-25,토,키움,삼성,고척,,0,????,,,2026
2026-04-25,토,SSG,KT,문학,,0,????,,,2026
2026-04-25,토,한화,NC,대전,,0,????,,,2026
2026-04-25,토,KIA,롯데,광주,,0,????,,,2026
2026-04-26,일,두산,LG,잠실,,0,????,,,2026
2026-04-26,일,키움,삼성,고척,,0,????,,,2026
2026-04-26,일,SSG,KT,문학,,0,????,,,2026
2026-04-26,일,한화,NC,대전,,0,????,,,2026
2026-04-26,일,KIA,롯데,광주,,0,????,,,2026
2026-04-28,화,두산,삼성,잠실,,0,????,,,2026
2026-04-28,화,KT,LG,수원,,0,????,,,2026
2026-04-28,화,한화,SSG,대전,,0,????,,,2026
2026-04-28,화,롯데,키움,사직,,0,????,,,2026
2026-04-28,화,NC,KIA,창원,,0,????,,,2026
2026-04-29,수,두산,삼성,잠실,,0,????,,,2026
2026-04-29,수,KT,LG,수원,,0,????,,,2026
2026-04-29,수,한화,SSG,대전,,0,????,,,2026
2026-04-29,수,롯데,키움,사직,,0,????,,,2026
2026-04-29,수,NC,KIA,창원,,0,????,,,2026
2026-04-30,목,두산,삼성,잠실,,0,????,,,2026
2026-04-30,목,KT,LG,수원,,0,????,,,2026
2026-04-30,목,한화,SSG,대전,,0,????,,,2026
2026-04-30,목,롯데,키움,사직,,0,????,,,2026
2026-04-30,목,NC,KIA,창원,,0,????,,,2026
2026-05-01,금,LG,NC,잠실,,1,????,,,2026
2026-05-01,금,키움,두산,고척,,1,????,,,2026
2026-05-01,금,SSG,롯데,문학,,1,????,,,2026
2026-05-01,금,삼성,한화,대구,,1,????,,,2026
2026-05-01,금,KIA,KT,광주,,1,????,,,2026
2026-05-02,토,LG,NC,잠실,,0,????,,,2026
2026-05-02,토,키움,두산,고척,,0,????,,,2026
2026-05-02,토,SSG,롯데,문학,,0,????,,,2026
2026-05-02,토,삼성,한화,대구,,0,????,,,2026
2026-05-02,토,KIA,KT,광주,,0,????,,,2026
2026-05-03,일,LG,NC,잠실,,0,????,,,2026
2026-05-03,일,키움,두산,고척,,0,????,,,2026
2026-05-03,일,SSG,롯데,문학,,0,????,,,2026
2026-05-03,일,삼성,한화,대구,,0,????,,,2026
2026-05-03,일,KIA,KT,광주,,0,????,,,2026
2026-05-05,화,LG,두산,잠실,,1,????,,,2026
2026-05-05,화,SSG,NC,문학,,1,????,,,2026
2026-05-05,화,KT,롯데,수원,,1,????,,,2026
2026-05-05,화,삼성,키움,대구,,1,????,,,2026
2026-05-05,화,KIA,한화,광주,,1,????,,,2026
2026-05-06,수,LG,두산,잠실,,0,????,,,2026
2026-05-06,수,SSG,NC,문학,,0,????,,,2026
2026-05-06,수,KT,롯데,수원,,0,????,,,2026
2026-05-06,수,삼성,키움,대구,,0,????,,,2026
2026-05-06,수,KIA,한화,광주,,0,????,,,2026
2026-05-07,목,LG,두산,잠실,,0,????,,,2026
2026-05-07,목,SSG,NC,문학,,0,????,,,2026
2026-05-07,목,KT,롯데,수원,,0,????,,,2026
2026-05-07,목,삼성,키움,대구,,0,????,,,2026
2026-05-07,목,KIA,한화,광주,,0,????,,,2026
2026-05-08,금,두산,SSG,잠실,,0,????,,,2026
2026-05-08,금,키움,KT,고척,,0,????,,,2026
2026-05-08,금,한화,LG,대전,,0,????,,,2026
2026-05-08,금,롯데,KIA,사직,,0,????,,,2026
2026-05-08,금,NC,삼성,창원,,0,????,,,2026
2026-05-09,토,두산,SSG,잠실,,0,????,,,2026
2026-05-09,토,키움,KT,고척,,0,????,,,2026
2026-05-09,토,한화,LG,대전,,0,????,,,2026
2026-05-09,토,롯데,KIA,사직,,0,????,,,2026
2026-05-09,토,NC,삼성,창원,,0,????,,,2026
2026-05-10,일,두산,SSG,잠실,,0,????,,,2026
2026-05-10,일,키움,KT,고척,,0,????,,,2026
2026-05-10,일,한화,LG,대전,,0,????,,,2026
2026-05-10,일,롯데,KIA,사직,,0,????,,,2026
2026-05-10,일,NC,삼성,창원,,0,????,,,2026
2026-05-12,화,LG,삼성,잠실,,0,????,,,2026
2026-05-12,화,키움,한화,고척,,0,????,,,2026
2026-05-12,화,KT,SSG,수원,,0,????,,,2026
2026-05-12,화,KIA,두산,광주,,0,????,,,2026
2026-05-12,화,롯데,NC,사직,,0,????,,,2026
2026-05-13,수,LG,삼성,잠실,,0,????,,,2026
2026-05-13,수,키움,한화,고척,,0,????,,,2026
2026-05-13,수,KT,SSG,수원,,0,????,,,2026
2026-05-13,수,KIA,두산,광주,,0,????,,,2026
2026-05-13,수,롯데,NC,사직,,0,????,,,2026
2026-05-14,목,LG,삼성,잠실,,0,????,,,2026
2026-05-14,목,키움,한화,고척,,0,????,,,2026
2026-05-14,목,KT,SSG,수원,,0,????,,,2026
2026-05-14,목,KIA,두산,광주,,0,????,,,2026
2026-05-14,목,롯데,NC,사직,,0,????,,,2026
2026-05-15,금,두산,롯데,잠실,,0,????,,,2026
2026-05-15,금,SSG,LG,문학,,0,????,,,2026
2026-05-15,금,KT,한화,수원,,0,????,,,2026
2026-05-15,금,삼성,KIA,대구,,0,????,,,2026
2026-05-15,금,NC,키움,창원,,0,????,,,2026
2026-05-16,토,두산,롯데,잠실,,0,????,,,2026
2026-05-16,토,SSG,LG,문학,,0,????,,,2026
2026-05-16,토,KT,한화,수원,,0,????,,,2026
2026-05-16,토,삼성,KIA,대구,,0,????,,,2026
2026-05-16,토,NC,키움,창원,,0,????,,,2026
2026-05-17,일,두산,롯데,잠실,,0,????,,,2026
2026-05-17,일,SSG,LG,문학,,0,????,,,2026
2026-05-17,일,KT,한화,수원,,0,????,,,2026
2026-05-17,일,삼성,KIA,대구,,0,????,,,2026
2026-05-17,일,NC,키움,창원,,0,????,,,2026
2026-05-19,화,두산,NC,잠실,,0,????,,,2026
2026-05-19,화,키움,SSG,고척,,0,????,,,2026
2026-05-19,화,한화,롯데,대전,,0,????,,,2026
2026-05-19,화,삼성,KT,대구,,0,????,,,2026
2026-05-19,화,KIA,LG,광주,,0,????,,,2026
2026-05-20,수,두산,NC,잠실,,0,????,,,2026
2026-05-20,수,키움,SSG,고척,,0,????,,,2026
2026-05-20,수,한화,롯데,대전,,0,????,,,2026
2026-05-20,수,삼성,KT,대구,,0,????,,,2026
2026-05-20,수,KIA,LG,광주,,0,????,,,2026
2026-05-21,목,두산,NC,잠실,,0,????,,,2026
2026-05-21,목,키움,SSG,고척,,0,????,,,2026
2026-05-21,목,한화,롯데,대전,,0,????,,,2026
2026-05-21,목,삼성,KT,대구,,0,????,,,2026
2026-05-21,목,KIA,LG,광주,,0,????,,,2026
2026-05-22,금,LG,키움,잠실,,0,????,,,2026
2026-05-22,금,KT,NC,수원,,0,????,,,2026
2026-05-22,금,한화,두산,대전,,0,????,,,2026
2026-05-22,금,KIA,SSG,광주,,0,????,,,2026
2026-05-22,금,롯데,삼성,사직,,0,????,,,2026
2026-05-23,토,LG,키움,잠실,,0,????,,,2026
2026-05-23,토,KT,NC,수원,,0,????,,,2026
2026-05-23,토,한화,두산,대전,,0,????,,,2026
2026-05-23,토,KIA,SSG,광주,,0,????,,,2026
2026-05-23,토,롯데,삼성,사직,,0,????,,,2026
2026-05-24,일,LG,키움,잠실,,1,????,,,2026
2026-05-24,일,KT,NC,수원,,1,????,,,2026
2026-05-24,일,한화,두산,대전,,1,????,,,2026
2026-05-24,일,KIA,SSG,광주,,1,????,,,2026
2026-05-24,일,롯데,삼성,사직,,1,????,,,2026
2026-05-26,화,두산,KT,잠실,,0,????,,,2026
2026-05-26,화,키움,KIA,고척,,0,????,,,2026
2026-05-26,화,SSG,삼성,문학,,0,????,,,2026
2026-05-26,화,롯데,LG,사직,,0,????,,,2026
2026-05-26,화,NC,한화,창원,,0,????,,,2026
2026-05-27,수,두산,KT,잠실,,0,????,,,2026
2026-05-27,수,키움,KIA,고척,,0,????,,,2026
2026-05-27,수,SSG,삼성,문학,,0,????,,,2026
2026-05-27,수,롯데,LG,사직,,0,????,,,2026
2026-05-27,수,NC,한화,창원,,0,????,,,2026
2026-05-28,목,두산,KT,잠실,,0,????,,,2026
2026-05-28,목,키움,KIA,고척,,0,????,,,2026
2026-05-28,목,SSG,삼성,문학,,0,????,,,2026
2026-05-28,목,롯데,LG,사직,,0,????,,,2026
2026-05-28,목,NC,한화,창원,,0,????,,,2026
2026-05-29,금,LG,KIA,잠실,,0,????,,,2026
2026-05-29,금,키움,KT,고척,,0,????,,,2026
2026-05-29,금,한화,SSG,대전,,0,????,,,2026
2026-05-29,금,삼성,두산,대구,,0,????,,,2026
2026-05-29,금,NC,롯데,창원,,0,????,,,2026
2026-05-30,토,LG,KIA,잠실,,0,????,,,2026
2026-05-30,토,키움,KT,고척,,0,????,,,2026
2026-05-30,토,한화,SSG,대전,,0,????,,,2026
2026-05-30,토,삼성,두산,대구,,0,????,,,2026
2026-05-30,토,NC,롯데,창원,,0,????,,,2026
2026-05-31,일,LG,KIA,잠실,,0,????,,,2026
2026-05-31,일,키움,KT,고척,,0,????,,,2026
2026-05-31,일,한화,SSG,대전,,0,????,,,2026
2026-05-31,일,삼성,두산,대구,,0,????,,,2026
2026-05-31,일,NC,롯데,창원,,0,????,,,2026
2026-06-02,화,두산,한화,잠실,,0,????,,,2026
2026-06-02,화,SSG,키움,문학,,0,????,,,2026
2026-06-02,화,KT,LG,수원,,0,????,,,2026
2026-06-02,화,삼성,NC,대구,,0,????,,,2026
2026-06-02,화,KIA,롯데,광주,,0,????,,,2026
2026-06-03,수,두산,한화,잠실,,1,????,,,2026
2026-06-03,수,SSG,키움,문학,,1,????,,,2026
2026-06-03,수,KT,LG,수원,,1,????,,,2026
2026-06-03,수,삼성,NC,대구,,1,????,,,2026
2026-06-03,수,KIA,롯데,광주,,1,????,,,2026
2026-06-04,목,두산,한화,잠실,,0,????,,,2026
2026-06-04,목,SSG,키움,문학,,0,????,,,2026
2026-06-04,목,KT,LG,수원,,0,????,,,2026
2026-06-04,목,삼성,NC,대구,,0,????,,,2026
2026-06-04,목,KIA,롯데,광주,,0,????,,,2026
2026-06-05,금,두산,키움,잠실,,0,????,,,2026
2026-06-05,금,SSG,KT,문학,,0,????,,,2026
2026-06-05,금,KIA,삼성,광주,,0,????,,,2026
2026-06-05,금,롯데,한화,사직,,0,????,,,2026
2026-06-05,금,NC,LG,창원,,0,????,,,2026
2026-06-06,토,두산,키움,잠실,,1,????,,,2026
2026-06-06,토,SSG,KT,문학,,1,????,,,2026
2026-06-06,토,KIA,삼성,광주,,1,????,,,2026
2026-06-06,토,롯데,한화,사직,,1,????,,,2026
2026-06-06,토,NC,LG,창원,,1,????,,,2026
2026-06-07,일,두산,키움,잠실,,0,????,,,2026
2026-06-07,일,SSG,KT,문학,,0,????,,,2026
2026-06-07,일,KIA,삼성,광주,,0,????,,,2026
2026-06-07,일,롯데,한화,사직,,0,????,,,2026
2026-06-07,일,NC,LG,창원,,0,????,,,2026
2026-06-09,화,LG,SSG,잠실,,0,????,,,2026
2026-06-09,화,키움,NC,고척,,0,????,,,2026
2026-06-09,화,KT,삼성,수원,,0,????,,,2026
2026-06-09,화,한화,KIA,대전,,0,????,,,2026
2026-06-09,화,롯데,두산,사직,,0,????,,,2026
2026-06-10,수,LG,SSG,잠실,,0,????,,,2026
2026-06-10,수,키움,NC,고척,,0,????,,,2026
2026-06-10,수,KT,삼성,수원,,0,????,,,2026
2026-06-10,수,한화,KIA,대전,,0,????,,,2026
2026-06-10,수,롯데,두산,사직,,0,????,,,2026
2026-06-11,목,LG,SSG,잠실,,0,????,,,2026
2026-06-11,목,키움,NC,고척,,0,????,,,2026
2026-06-11,목,KT,삼성,수원,,0,????,,,2026
2026-06-11,목,한화,KIA,대전,,0,????,,,2026
2026-06-11,목,롯데,두산,사직,,0,????,,,2026
2026-06-12,금,LG,롯데,잠실,,0,????,,,2026
2026-06-12,금,키움,한화,고척,,0,????,,,2026
2026-06-12,금,KT,NC,수원,,0,????,,,2026
2026-06-12,금,삼성,SSG,대구,,0,????,,,2026
2026-06-12,금,KIA,두산,광주,,0,????,,,2026
2026-06-13,토,LG,롯데,잠실,,0,????,,,2026
2026-06-13,토,키움,한화,고척,,0,????,,,2026
2026-06-13,토,KT,NC,수원,,0,????,,,2026
2026-06-13,토,삼성,SSG,대구,,0,????,,,2026
2026-06-13,토,KIA,두산,광주,,0,????,,,2026
2026-06-14,일,LG,롯데,잠실,,0,????,,,2026
2026-06-14,일,키움,한화,고척,,0,????,,,2026
2026-06-14,일,KT,NC,수원,,0,????,,,2026
2026-06-14,일,삼성,SSG,대구,,0,????,,,2026
2026-06-14,일,KIA,두산,광주,,0,????,,,2026
2026-06-16,화,두산,KT,잠실,,0,????,,,2026
2026-06-16,화,SSG,롯데,문학,,0,????,,,2026
2026-06-16,화,삼성,키움,대구,,0,????,,,2026
2026-06-16,화,KIA,LG,광주,,0,????,,,2026
2026-06-16,화,NC,한화,창원,,0,????,,,2026
2026-06-17,수,두산,KT,잠실,,0,????,,,2026
2026-06-17,수,SSG,롯데,문학,,0,????,,,2026
2026-06-17,수,삼성,키움,대구,,0,????,,,2026
2026-06-17,수,KIA,LG,광주,,0,????,,,2026
2026-06-17,수,NC,한화,창원,,0,????,,,2026
2026-06-18,목,두산,KT,잠실,,0,????,,,2026
2026-06-18,목,SSG,롯데,문학,,0,????,,,2026
2026-06-18,목,삼성,키움,대구,,0,????,,,2026
2026-06-18,목,KIA,LG,광주,,0,????,,,2026
2026-06-18,목,NC,한화,창원,,0,????,,,2026
2026-06-19,금,LG,두산,잠실,,0,????,,,2026
2026-06-19,금,키움,롯데,고척,,0,????,,,2026
2026-06-19,금,KT,KIA,수원,,0,????,,,2026
2026-06-19,금,한화,삼성,대전,,0,????,,,2026
2026-06-19,금,NC,SSG,창원,,0,????,,,2026
2026-06-20,토,LG,두산,잠실,,0,????,,,2026
2026-06-20,토,키움,롯데,고척,,0,????,,,2026
2026-06-20,토,KT,KIA,수원,,0,????,,,2026
2026-06-20,토,한화,삼성,대전,,0,????,,,2026
2026-06-20,토,NC,SSG,창원,,0,????,,,2026
2026-06-21,일,LG,두산,잠실,,0,????,,,2026
2026-06-21,일,키움,롯데,고척,,0,????,,,2026
2026-06-21,일,KT,KIA,수원,,0,????,,,2026
2026-06-21,일,한화,삼성,대전,,0,????,,,2026
2026-06-21,일,NC,SSG,창원,,0,????,,,2026
2026-06-23,화,LG,삼성,잠실,,0,????,,,2026
2026-06-23,화,키움,KIA,고척,,0,????,,,2026
2026-06-23,화,KT,SSG,수원,,0,????,,,2026
2026-06-23,화,한화,두산,대전,,0,????,,,2026
2026-06-23,화,롯데,NC,사직,,0,????,,,2026
2026-06-24,수,LG,삼성,잠실,,0,????,,,2026
2026-06-24,수,키움,KIA,고척,,0,????,,,2026
2026-06-24,수,KT,SSG,수원,,0,????,,,2026
2026-06-24,수,한화,두산,대전,,0,????,,,2026
2026-06-24,수,롯데,NC,사직,,0,????,,,2026
2026-06-25,목,LG,삼성,잠실,,0,????,,,2026
2026-06-25,목,키움,KIA,고척,,0,????,,,2026
2026-06-25,목,KT,SSG,수원,,0,????,,,2026
2026-06-25,목,한화,두산,대전,,0,????,,,2026
2026-06-25,목,롯데,NC,사직,,0,????,,,2026
2026-06-26,금,두산,KIA,잠실,,0,????,,,2026
2026-06-26,금,SSG,한화,문학,,0,????,,,2026
2026-06-26,금,삼성,KT,대구,,0,????,,,2026
2026-06-26,금,롯데,LG,사직,,0,????,,,2026
2026-06-26,금,NC,키움,창원,,0,????,,,2026
2026-06-27,토,두산,KIA,잠실,,0,????,,,2026
2026-06-27,토,SSG,한화,문학,,0,????,,,2026
2026-06-27,토,삼성,KT,대구,,0,????,,,2026
2026-06-27,토,롯데,LG,사직,,0,????,,,2026
2026-06-27,토,NC,키움,창원,,0,????,,,2026
2026-06-28,일,두산,KIA,잠실,,0,????,,,2026
2026-06-28,일,SSG,한화,문학,,0,????,,,2026
2026-06-28,일,삼성,KT,대구,,0,????,,,2026
2026-06-28,일,롯데,LG,사직,,0,????,,,2026
2026-06-28,일,NC,키움,창원,,0,????,,,2026
2026-06-30,화,두산,롯데,잠실,,0,????,,,2026
2026-06-30,화,키움,LG,고척,,0,????,,,2026
2026-06-30,화,한화,KT,대전,,0,????,,,2026
2026-06-30,화,KIA,SSG,광주,,0,????,,,2026
2026-06-30,화,NC,삼성,창원,,0,????,,,2026
2026-07-01,수,두산,롯데,잠실,,0,????,,,2026
2026-07-01,수,키움,LG,고척,,0,????,,,2026
2026-07-01,수,한화,KT,대전,,0,????,,,2026
2026-07-01,수,KIA,SSG,광주,,0,????,,,2026
2026-07-01,수,NC,삼성,창원,,0,????,,,2026
2026-07-02,목,두산,롯데,잠실,,0,????,,,2026
2026-07-02,목,키움,LG,고척,,0,????,,,2026
2026-07-02,목,한화,KT,대전,,0,????,,,2026
2026-07-02,목,KIA,SSG,광주,,0,????,,,2026
2026-07-02,목,NC,삼성,창원,,0,????,,,2026
2026-07-03,금,LG,한화,잠실,,0,????,,,2026
2026-07-03,금,키움,두산,고척,,0,????,,,2026
2026-07-03,금,SSG,삼성,문학,,0,????,,,2026
2026-07-03,금,KT,롯데,수원,,0,????,,,2026
2026-07-03,금,KIA,NC,광주,,0,????,,,2026
2026-07-04,토,LG,한화,잠실,,0,????,,,2026
2026-07-04,토,키움,두산,고척,,0,????,,,2026
2026-07-04,토,SSG,삼성,문학,,0,????,,,2026
2026-07-04,토,KT,롯데,수원,,0,????,,,2026
2026-07-04,토,KIA,NC,광주,,0,????,,,2026
2026-07-05,일,LG,한화,잠실,,0,????,,,2026
2026-07-05,일,키움,두산,고척,,0,????,,,2026
2026-07-05,일,SSG,삼성,문학,,0,????,,,2026
2026-07-05,일,KT,롯데,수원,,0,????,,,2026
2026-07-05,일,KIA,NC,광주,,0,????,,,2026
2026-07-07,화,두산,SSG,잠실,,0,????,,,2026
2026-07-07,화,KT,키움,수원,,0,????,,,2026
2026-07-07,화,한화,NC,대전,,0,????,,,2026
2026-07-07,화,삼성,LG,대구,,0,????,,,2026
2026-07-07,화,롯데,KIA,사직,,0,????,,,2026
2026-07-08,수,두산,SSG,잠실,,0,????,,,2026
2026-07-08,수,KT,키움,수원,,0,????,,,2026
2026-07-08,수,한화,NC,대전,,0,????,,,2026
2026-07-08,수,삼성,LG,대구,,0,????,,,2026
2026-07-08,수,롯데,KIA,사직,,0,????,,,2026
2026-07-09,목,두산,SSG,잠실,,0,????,,,2026
2026-07-09,목,KT,키움,수원,,0,????,,,2026
2026-07-09,목,한화,NC,대전,,0,????,,,2026
2026-07-09,목,삼성,LG,대구,,0,????,,,2026
2026-07-09,목,롯데,KIA,사직,,0,????,,,2026
2026-07-16,목,LG,KT,잠실,,0,????,,,2026
2026-07-16,목,SSG,KIA,문학,,0,????,,,2026
2026-07-16,목,한화,키움,대전,,0,????,,,2026
2026-07-16,목,삼성,롯데,대구,,0,????,,,2026
2026-07-16,목,NC,두산,창원,,0,????,,,2026
2026-07-17,금,LG,KT,잠실,,1,????,,,2026
2026-07-17,금,SSG,KIA,문학,,1,????,,,2026
2026-07-17,금,한화,키움,대전,,1,????,,,2026
2026-07-17,금,삼성,롯데,대구,,1,????,,,2026
2026-07-17,금,NC,두산,창원,,1,????,,,2026
2026-07-18,토,LG,KT,잠실,,0,????,,,2026
2026-07-18,토,SSG,KIA,문학,,0,????,,,2026
2026-07-18,토,한화,키움,대전,,0,????,,,2026
2026-07-18,토,삼성,롯데,대구,,0,????,,,2026
2026-07-18,토,NC,두산,창원,,0,????,,,2026
2026-07-19,일,LG,KT,잠실,,0,????,,,2026
2026-07-19,일,SSG,KIA,문학,,0,????,,,2026
2026-07-19,일,한화,키움,대전,,0,????,,,2026
2026-07-19,일,삼성,롯데,대구,,0,????,,,2026
2026-07-19,일,NC,두산,창원,,0,????,,,2026
2026-07-21,화,LG,NC,잠실,,0,????,,,2026
2026-07-21,화,키움,삼성,고척,,0,????,,,2026
2026-07-21,화,KT,두산,수원,,0,????,,,2026
2026-07-21,화,KIA,한화,광주,,0,????,,,2026
2026-07-21,화,롯데,SSG,사직,,0,????,,,2026
2026-07-22,수,LG,NC,잠실,,0,????,,,2026
2026-07-22,수,키움,삼성,고척,,0,????,,,2026
2026-07-22,수,KT,두산,수원,,0,????,,,2026
2026-07-22,수,KIA,한화,광주,,0,????,,,2026
2026-07-22,수,롯데,SSG,사직,,0,????,,,2026
2026-07-23,목,LG,NC,잠실,,0,????,,,2026
2026-07-23,목,키움,삼성,고척,,0,????,,,2026
2026-07-23,목,KT,두산,수원,,0,????,,,2026
2026-07-23,목,KIA,한화,광주,,0,????,,,2026
2026-07-23,목,롯데,SSG,사직,,0,????,,,2026
2026-07-24,금,두산,삼성,잠실,,0,????,,,2026
2026-07-24,금,SSG,NC,문학,,0,????,,,2026
2026-07-24,금,한화,LG,대전,,0,????,,,2026
2026-07-24,금,KIA,키움,광주,,0,????,,,2026
2026-07-24,금,롯데,KT,사직,,0,????,,,2026
2026-07-25,토,두산,삼성,잠실,,0,????,,,2026
2026-07-25,토,SSG,NC,문학,,0,????,,,2026
2026-07-25,토,한화,LG,대전,,0,????,,,2026
2026-07-25,토,KIA,키움,광주,,0,????,,,2026
2026-07-25,토,롯데,KT,사직,,0,????,,,2026
2026-07-26,일,두산,삼성,잠실,,0,????,,,2026
2026-07-26,일,SSG,NC,문학,,0,????,,,2026
2026-07-26,일,한화,LG,대전,,0,????,,,2026
2026-07-26,일,KIA,키움,광주,,0,????,,,2026
2026-07-26,일,롯데,KT,사직,,0,????,,,2026
2026-07-28,화,LG,키움,잠실,,0,????,,,2026
2026-07-28,화,SSG,두산,문학,,0,????,,,2026
2026-07-28,화,한화,롯데,대전,,0,????,,,2026
2026-07-28,화,삼성,KIA,대구,,0,????,,,2026
2026-07-28,화,NC,KT,창원,,0,????,,,2026
2026-07-29,수,LG,키움,잠실,,0,????,,,2026
2026-07-29,수,SSG,두산,문학,,0,????,,,2026
2026-07-29,수,한화,롯데,대전,,0,????,,,2026
2026-07-29,수,삼성,KIA,대구,,0,????,,,2026
2026-07-29,수,NC,KT,창원,,0,????,,,2026
2026-07-30,목,LG,키움,잠실,,0,????,,,2026
2026-07-30,목,SSG,두산,문학,,0,????,,,2026
2026-07-30,목,한화,롯데,대전,,0,????,,,2026
2026-07-30,목,삼성,KIA,대구,,0,????,,,2026
2026-07-30,목,NC,KT,창원,,0,????,,,2026
2026-07-31,금,두산,LG,잠실,,0,????,,,2026
2026-07-31,금,키움,SSG,고척,,0,????,,,2026
2026-07-31,금,KT,한화,수원,,0,????,,,2026
2026-07-31,금,롯데,삼성,사직,,0,????,,,2026
2026-07-31,금,NC,KIA,창원,,0,????,,,2026
2026-08-01,토,두산,LG,잠실,,0,????,,,2026
2026-08-01,토,키움,SSG,고척,,0,????,,,2026
2026-08-01,토,KT,한화,수원,,0,????,,,2026
2026-08-01,토,롯데,삼성,사직,,0,????,,,2026
2026-08-01,토,NC,KIA,창원,,0,????,,,2026
2026-08-02,일,두산,LG,잠실,,0,????,,,2026
2026-08-02,일,키움,SSG,고척,,0,????,,,2026
2026-08-02,일,KT,한화,수원,,0,????,,,2026
2026-08-02,일,롯데,삼성,사직,,0,????,,,2026
2026-08-02,일,NC,KIA,창원,,0,????,,,2026
2026-08-04,화,두산,NC,잠실,,0,????,,,2026
2026-08-04,화,SSG,LG,문학,,0,????,,,2026
2026-08-04,화,삼성,한화,대구,,0,????,,,2026
2026-08-04,화,KIA,KT,광주,,0,????,,,2026
2026-08-04,화,롯데,키움,사직,,0,????,,,2026
2026-08-05,수,두산,NC,잠실,,0,????,,,2026
2026-08-05,수,SSG,LG,문학,,0,????,,,2026
2026-08-05,수,삼성,한화,대구,,0,????,,,2026
2026-08-05,수,KIA,KT,광주,,0,????,,,2026
2026-08-05,수,롯데,키움,사직,,0,????,,,2026
2026-08-06,목,두산,NC,잠실,,0,????,,,2026
2026-08-06,목,SSG,LG,문학,,0,????,,,2026
2026-08-06,목,삼성,한화,대구,,0,????,,,2026
2026-08-06,목,KIA,KT,광주,,0,????,,,2026
2026-08-06,목,롯데,키움,사직,,0,????,,,2026
2026-08-07,금,LG,KIA,잠실,,0,????,,,2026
2026-08-07,금,KT,롯데,수원,,0,????,,,2026
2026-08-07,금,한화,키움,대전,,0,????,,,2026
2026-08-07,금,삼성,두산,대구,,0,????,,,2026
2026-08-07,금,NC,SSG,창원,,0,????,,,2026
2026-08-08,토,LG,KIA,잠실,,0,????,,,2026
2026-08-08,토,KT,롯데,수원,,0,????,,,2026
2026-08-08,토,한화,키움,대전,,0,????,,,2026
2026-08-08,토,삼성,두산,대구,,0,????,,,2026
2026-08-08,토,NC,SSG,창원,,0,????,,,2026
2026-08-09,일,LG,KIA,잠실,,0,????,,,2026
2026-08-09,일,KT,롯데,수원,,0,????,,,2026
2026-08-09,일,한화,키움,대전,,0,????,,,2026
2026-08-09,일,삼성,두산,대구,,0,????,,,2026
2026-08-09,일,NC,SSG,창원,,0,????,,,2026
2026-08-11,화,두산,한화,잠실,,0,????,,,2026
2026-08-11,화,키움,LG,고척,,0,????,,,2026
2026-08-11,화,SSG,롯데,문학,,0,????,,,2026
2026-08-11,화,KIA,삼성,광주,,0,????,,,2026
2026-08-11,화,NC,KT,창원,,0,????,,,2026
2026-08-12,수,두산,한화,잠실,,0,????,,,2026
2026-08-12,수,키움,LG,고척,,0,????,,,2026
2026-08-12,수,SSG,롯데,문학,,0,????,,,2026
2026-08-12,수,KIA,삼성,광주,,0,????,,,2026
2026-08-12,수,NC,KT,창원,,0,????,,,2026
2026-08-13,목,두산,한화,잠실,,0,????,,,2026
2026-08-13,목,키움,LG,고척,,0,????,,,2026
2026-08-13,목,SSG,롯데,문학,,0,????,,,2026
2026-08-13,목,KIA,삼성,광주,,0,????,,,2026
2026-08-13,목,NC,KT,창원,,0,????,,,2026
2026-08-14,금,LG,SSG,잠실,,0,????,,,2026
2026-08-14,금,KT,키움,수원,,0,????,,,2026
2026-08-14,금,삼성,한화,대구,,0,????,,,2026
2026-08-14,금,KIA,두산,광주,,0,????,,,2026
2026-08-14,금,롯데,NC,사직,,0,????,,,2026
2026-08-15,토,LG,SSG,잠실,,1,????,,,2026
2026-08-15,토,KT,키움,수원,,1,????,,,2026
2026-08-15,토,삼성,한화,대구,,1,????,,,2026
2026-08-15,토,KIA,두산,광주,,1,????,,,2026
2026-08-15,토,롯데,NC,사직,,1,????,,,2026
2026-08-16,일,LG,SSG,잠실,,0,????,,,2026
2026-08-16,일,KT,키움,수원,,0,????,,,2026
2026-08-16,일,삼성,한화,대구,,0,????,,,2026
2026-08-16,일,KIA,두산,광주,,0,????,,,2026
2026-08-16,일,롯데,NC,사직,,0,????,,,2026
2026-08-18,화,LG,KT,잠실,,0,????,,,2026
2026-08-18,화,한화,KIA,대전,,0,????,,,2026
2026-08-18,화,삼성,SSG,대구,,0,????,,,2026
2026-08-18,화,롯데,키움,사직,,0,????,,,2026
2026-08-18,화,NC,두산,창원,,0,????,,,2026
2026-08-19,수,LG,KT,잠실,,0,????,,,2026
2026-08-19,수,한화,KIA,대전,,0,????,,,2026
2026-08-19,수,삼성,SSG,대구,,0,????,,,2026
2026-08-19,수,롯데,키움,사직,,0,????,,,2026
2026-08-19,수,NC,두산,창원,,0,????,,,2026
2026-08-20,목,LG,KT,잠실,,0,????,,,2026
2026-08-20,목,한화,KIA,대전,,0,????,,,2026
2026-08-20,목,삼성,SSG,대구,,0,????,,,2026
2026-08-20,목,롯데,키움,사직,,0,????,,,2026
2026-08-20,목,NC,두산,창원,,0,????,,,2026
2026-08-21,금,두산,롯데,잠실,,0,????,,,2026
2026-08-21,금,키움,KIA,고척,,0,????,,,2026
2026-08-21,금,SSG,KT,문학,,0,????,,,2026
2026-08-21,금,한화,LG,대전,,0,????,,,2026
2026-08-21,금,NC,삼성,창원,,0,????,,,2026
2026-08-22,토,두산,롯데,잠실,,0,????,,,2026
2026-08-22,토,키움,KIA,고척,,0,????,,,2026
2026-08-22,토,SSG,KT,문학,,0,????,,,2026
2026-08-22,토,한화,LG,대전,,0,????,,,2026
2026-08-22,토,NC,삼성,창원,,0,????,,,2026
2026-08-23,일,두산,롯데,잠실,,0,????,,,2026
2026-08-23,일,키움,KIA,고척,,0,????,,,2026
2026-08-23,일,SSG,KT,문학,,0,????,,,2026
2026-08-23,일,한화,LG,대전,,0,????,,,2026
2026-08-23,일,NC,삼성,창원,,0,????,,,2026
2026-08-25,화,LG,NC,잠실,,0,????,,,2026
2026-08-25,화,키움,삼성,고척,,0,????,,,2026
2026-08-25,화,SSG,한화,문학,,0,????,,,2026
2026-08-25,화,KT,두산,수원,,0,????,,,2026
2026-08-25,화,KIA,롯데,광주,,0,????,,,2026
2026-08-26,수,LG,NC,잠실,,0,????,,,2026
2026-08-26,수,키움,삼성,고척,,0,????,,,2026
2026-08-26,수,SSG,한화,문학,,0,????,,,2026
2026-08-26,수,KT,두산,수원,,0,????,,,2026
2026-08-26,수,KIA,롯데,광주,,0,????,,,2026
2026-08-27,목,LG,NC,잠실,,0,????,,,2026
2026-08-27,목,키움,삼성,고척,,0,????,,,2026
2026-08-27,목,SSG,한화,문학,,0,????,,,2026
2026-08-27,목,KT,두산,수원,,0,????,,,2026
2026-08-27,목,KIA,롯데,광주,,0,????,,,2026
2026-08-28,금,두산,키움,잠실,,0,????,,,2026
2026-08-28,금,한화,NC,대전,,0,????,,,2026
2026-08-28,금,삼성,KT,대구,,0,????,,,2026
2026-08-28,금,KIA,SSG,광주,,0,????,,,2026
2026-08-28,금,롯데,LG,사직,,0,????,,,2026
2026-08-29,토,두산,키움,잠실,,0,????,,,2026
2026-08-29,토,한화,NC,대전,,0,????,,,2026
2026-08-29,토,삼성,KT,대구,,0,????,,,2026
2026-08-29,토,KIA,SSG,광주,,0,????,,,2026
2026-08-29,토,롯데,LG,사직,,0,????,,,2026
2026-08-30,일,두산,키움,잠실,,0,????,,,2026
2026-08-30,일,한화,NC,대전,,0,????,,,2026
2026-08-30,일,삼성,KT,대구,,0,????,,,2026
2026-08-30,일,KIA,SSG,광주,,0,????,,,2026
2026-08-30,일,롯데,LG,사직,,0,????,,,2026
2026-09-01,화,두산,LG,잠실,,0,????,,,2026
2026-09-01,화,키움,SSG,고척,,0,????,,,2026
2026-09-01,화,KT,한화,수원,,0,????,,,2026
2026-09-01,화,삼성,롯데,대구,,0,????,,,2026
2026-09-01,화,NC,KIA,창원,,0,????,,,2026
2026-09-02,수,두산,LG,잠실,,0,????,,,2026
2026-09-02,수,키움,SSG,고척,,0,????,,,2026
2026-09-02,수,KT,한화,수원,,0,????,,,2026
2026-09-02,수,삼성,롯데,대구,,0,????,,,2026
2026-09-02,수,NC,KIA,창원,,0,????,,,2026
2026-09-03,목,두산,LG,잠실,,0,????,,,2026
2026-09-03,목,키움,SSG,고척,,0,????,,,2026
2026-09-03,목,KT,한화,수원,,0,????,,,2026
2026-09-03,목,삼성,롯데,대구,,0,????,,,2026
2026-09-03,목,NC,KIA,창원,,0,????,,,2026
2026-09-04,금,LG,삼성,잠실,,0,????,,,2026
2026-09-04,금,키움,NC,고척,,0,????,,,2026
2026-09-04,금,SSG,두산,문학,,0,????,,,2026
2026-09-04,금,KIA,KT,광주,,0,????,,,2026
2026-09-04,금,롯데,한화,사직,,0,????,,,2026
2026-09-05,토,LG,삼성,잠실,,0,????,,,2026
2026-09-05,토,키움,NC,고척,,0,????,,,2026
2026-09-05,토,SSG,두산,문학,,0,????,,,2026
2026-09-05,토,KIA,KT,광주,,0,????,,,2026
2026-09-05,토,롯데,한화,사직,,0,????,,,2026
2026-09-06,일,LG,삼성,잠실,,0,????,,,2026
2026-09-06,일,키움,NC,고척,,0,????,,,2026
2026-09-06,일,SSG,두산,문학,,0,????,,,2026
2026-09-06,일,KIA,KT,광주,,0,????,,,2026
2026-09-06,일,롯데,한화,사직,,0,????,,,2026
